entity_id,wallet_count,unique_accounts,execution_shape_count,shape_entropy,slot_count,atomic_arb_count,pga_slot_count,avg_top_entity_share,toxic_pool_interactions,early_rate,total_txs,validator_mev_slot_ratio,validator_early_ratio,validator_unique_entities,avg_slots_seen,best_entity_rank,validator_total_txs,validator_mev_txs,validator_mev_tx_ratio
11AMA4mnNbsrPQeuoNN7uiZVJZtqEzQHrTfa5vnbcjk,1,2,1,-0.0,15,0.0,0.0,0.5715190920583629,28,0,15,0.9333333333333333,0.0031034530831958403,496.4,3.0,1,6156.75,6099.75,0.9902
12i8gndWWWMTRzJBFhnYkobNgZB3XMUUJq75HeUrshrk,1,2,1,-0.0,13,0.0,0.0,0.5571760951737792,30,0,16,0.9333333333333333,0.0031034530831958403,496.4,2.6,1,6156.75,6099.75,0.9902
13DmVBcyrSdsSsLWaKH9x1dwxDf48Wu5wprwxMmLshrk,1,2,1,-0.0,14,0.0,0.0,0.5665543385607003,30,0,16,0.9333333333333333,0.0031034530831958403,496.4,2.8,1,6156.75,6099.75,0.9902
1KXvrkPXwkGF6NK1zyzVuJqbXfpenPVPP6hoiK9bsK3,2,4,1,-0.0,15,0.0,0.0,0.5715190920583629,56,0,30,0.9333333333333333,0.0031034530831958403,496.4,3.0,1,6156.75,6099.75,0.9902
1Link6hB1NpkCwJt3ZtpQKZszKauhEcKgiWjaU8PRDG,1,2,1,-0.0,13,0.0,0.0,0.5737761610693919,28,0,15,0.9333333333333333,0.0031034530831958403,496.4,2.6,1,6156.75,6099.75,0.9902
1i1yPyh843bTfi5qPgqozTbDcEX65rUNEFcUT2KAs2i,1,2,1,-0.0,14,0.0,0.0,0.5665543385607003,28,0,15,0.9333333333333333,0.0031034530831958403,496.4,2.8,1,6156.75,6099.75,0.9902
1unarWPGGseFag2WfnoFv8o9P7vTPU8eHex9GinP3eY,2,4,1,-0.0,16,0.0,2.0,0.587083008849862,56,0,30,0.9333333333333333,0.0031034530831958403,496.4,3.2,1,6156.75,6099.75,0.9902
23SUe5fzmLws1M58AnGnvnUBRUKJmzCpnFQwv4M4b9Er,1,2,1,-0.0,15,0.0,0.0,0.5715190920583629,28,0,15,0.9333333333333333,0.0031034530831958403,496.4,3.0,1,6156.75,6099.75,0.9902
23U4mgK9DMCxsv2StC4y2qAptP25Xv5b2cybKCeJ1to3,1,2,1,-0.0,15,0.0,0.0,0.5715190920583629,28,0,15,0.9333333333333333,0.0031034530831958403,496.4,3.0,1,6156.75,6099.75,0.9902
2E2JPuFhjkQvEJEeNGqVSwGLJa5GoFqabQTutGjg1bzw,1,2,1,-0.0,14,0.0,0.0,0.5631653484489122,28,0,15,0.9333333333333333,0.0031034530831958403,496.4,2.8,1,6156.75,6099.75,0.9902
2JkFW37X7qq9KDzFrF9b4ZNk1DcLBPJ6KQeneXJVitpw,1,2,2,1.0,3,0.0,0.0,0.6234188399849593,12,0,4,0.9333333333333333,0.0031034530831958403,496.4,1.0,485,6156.75,6099.75,0.9902
2Le6TjeEescF87qDA8Ftdz6U8Kq6SNVwoLJLhzBCHUr5,2,4,1,-0.0,15,0.0,2.0,0.5715190920583629,56,0,30,0.9333333333333333,0.0031034530831958403,496.4,3.0,1,6156.75,6099.75,0.9902
2Rv9npqdWE1mLPsT1r2obn3xtKmA5afkxt8GsWeLnKoc,9,18,1,-0.0,15,0.0,14.0,0.5715190920583629,268,0,143,0.9333333333333333,0.0031034530831958403,496.4,3.0,1,6156.75,6099.75,0.9902
2UBhtRuyr9nvWsUnrbWrvJiYWEU8TVBD4PLYQJKiRa9H,2,4,1,-0.0,15,0.0,1.0,0.5715190920583629,56,0,30,0.9333333333333333,0.0031034530831958403,496.4,3.0,1,6156.75,6099.75,0.9902
2Ue9zGmDnvYRrJNEjuAdNkbbickw6fKWtbeNM7T2rakg,1,2,1,-0.0,13,0.0,0.0,0.5633154956793769,28,0,15,0.9333333333333333,0.0031034530831958403,496.4,2.6,1,6156.75,6099.75,0.9902
2Wf9V9rPeVRUTfmWdPedCJuWVr6MFfyLuigEq42DuMDc,1,2,1,-0.0,14,0.0,0.0,0.5665543385607003,28,0,15,0.9333333333333333,0.0031034530831958403,496.4,2.8,1,6156.75,6099.75,0.9902
2X7WoaXX9KPqNrNfvguhnwo3rjFPNsfw2t75fGjWRthz,1,2,1,-0.0,15,0.0,0.0,0.5846846399456275,28,0,15,0.9333333333333333,0.0031034530831958403,496.4,3.0,1,6156.75,6099.75,0.9902
2XmhZKHmfjku3T3nC9xKhgr5bm1CAmWXqNsNt49mo82C,1,2,1,-0.0,15,0.0,0.0,0.5715190920583629,28,0,15,0.9333333333333333,0.0031034530831958403,496.4,3.0,1,6156.75,6099.75,0.9902
2abwQG3v2xRemFxRszVHSfnjJNe9zu5X8duKgxjyLeaK,1,2,1,-0.0,14,0.0,0.0,0.5631653484489122,28,0,15,0.9333333333333333,0.0031034530831958403,496.4,2.8,1,6156.75,6099.75,0.9902
2bpfa8JbFfZUGUsedDsemu6vQUxbhcEM8ALSH3PgXd2d,1,2,1,-0.0,14,0.0,0.0,0.5665543385607003,28,0,15,0.9333333333333333,0.0031034530831958403,496.4,2.8,1,6156.75,6099.75,0.9902
2fyUpYAHzcFJ4T3KQXC9sdUPVFjMwTsdLzmuzugvNeEj,1,7,1,-0.0,4,0.0,1.0,0.588458332317642,12,0,6,0.9333333333333333,0.0031034530831958403,496.4,2.0,472,6156.75,6099.75,0.9902
2gDeeRa3mwPPtw1CMWPkEhRWo9v5izNBBfEXanr8uibX,4,8,1,-0.0,16,0.0,15.0,0.587083008849862,112,0,60,0.9333333333333333,0.0031034530831958403,496.4,3.2,1,6156.75,6099.75,0.9902
2icWF7TvxyycF7d1NHpMZYuJJqiRy2h7wmjFSbqUij1B,1,2,1,-0.0,15,0.0,0.0,0.5715190920583629,28,0,15,0.9333333333333333,0.0031034530831958403,496.4,3.0,1,6156.75,6099.75,0.9902
2kVZVTY8FMRZ3WuHzyqNz8qd4Ytbba9f9DaesUm5WLvR,1,2,1,-0.0,14,0.0,0.0,0.5631653484489122,30,0,16,0.9333333333333333,0.0031034530831958403,496.4,2.8,1,6156.75,6099.75,0.9902
2nhGaJvR17TeytzJVajPfABHQcAwinKoCG8F69gRdQot,1,2,1,-0.0,14,0.0,0.0,0.5631653484489122,26,0,15,0.9333333333333333,0.0031034530831958403,496.4,2.8,1,6156.75,6099.75,0.9902
2oHUYyW2PU9VJh4XBs5TbGgzdernunvGqyKth3kxW4ns,1,2,1,-0.0,15,0.0,0.0,0.5715190920583629,28,0,15,0.9333333333333333,0.0031034530831958403,496.4,3.0,1,6156.75,6099.75,0.9902
2pCxbAfUEwuL2k9Fiz3xnronPqRnXsuz9XV76ddq2GEt,1,2,1,-0.0,15,0.0,0.0,0.5715190920583629,28,0,15,0.9333333333333333,0.0031034530831958403,496.4,3.0,1,6156.75,6099.75,0.9902
2t53LvZfskcpXkdwLaBnfZLbNgyVHPu2BNFpcRBaEBhM,1,2,1,-0.0,15,0.0,0.0,0.5715190920583629,28,0,15,0.9333333333333333,0.0031034530831958403,496.4,3.0,1,6156.75,6099.75,0.9902
2uxEHizFmmnLekKG2LZJwxNabhpymEYfdVCpgDxjt87m,1,2,1,-0.0,15,0.0,0.0,0.5715190920583629,28,0,15,0.9333333333333333,0.0031034530831958403,496.4,3.0,1,6156.75,6099.75,0.9902
2zykwzzo1pd3H2oSj5j5SRLTvmpa9Nr2S2Bh8tTVd5Tq,1,2,1,-0.0,15,0.0,0.0,0.5715190920583629,28,0,15,0.9333333333333333,0.0031034530831958403,496.4,3.0,1,6156.75,6099.75,0.9902
32jCuWyy4aJjyv4gd4DSGBHmFU5KUSSfqbmPb9GpMin6,2,4,1,-0.0,16,0.0,2.0,0.587083008849862,54,0,30,0.9333333333333333,0.0031034530831958403,496.4,3.2,1,6156.75,6099.75,0.9902
3BeharBd3j4sKQp7Qze27JLQLd9AEEwGTX9TC7dXYSNw,1,2,1,-0.0,14,0.0,0.0,0.5722552104587553,30,0,16,0.9333333333333333,0.0031034530831958403,496.4,2.8,1,6156.75,6099.75,0.9902
3KNGMiXwhy2CAWVNpLoUt25sNngFnX1mZpaiEeVccBA6,2,4,1,-0.0,15,0.0,0.0,0.5715190920583629,56,0,30,0.9333333333333333,0.0031034530831958403,496.4,3.0,1,6156.75,6099.75,0.9902
3KiDz3wuZrJfsgKt5KEvRb1WPpbci1PWj78aPVF5ei3F,2,4,1,-0.0,16,0.0,1.0,0.587083008849862,58,0,32,0.9333333333333333,0.0031034530831958403,496.4,3.2,1,6156.75,6099.75,0.9902
3NK19Y8KQyr3HmJVEmn1gjaXDDDpsVVQtBWmHkwZXkAm,1,13,1,-0.0,1,1.0,0.0,0.5390021082220661,25,0,1,0.9333333333333333,0.0031034530831958403,496.4,1.0,488,6156.75,6099.75,0.9902
3Pfubj3ytkRxFAGwFb5vtacuZJUxko5Du39xie9MBXuC,1,2,1,-0.0,15,0.0,0.0,0.5715190920583629,28,0,15,0.9333333333333333,0.0031034530831958403,496.4,3.0,1,6156.75,6099.75,0.9902
3RXKQBRv7xKTQeNdLSPhCiD4QcUfxEQ12rtgUkMf5LnS,1,2,1,-0.0,15,0.0,0.0,0.5715190920583629,30,0,16,0.9333333333333333,0.0031034530831958403,496.4,3.0,1,6156.75,6099.75,0.9902
3Rv6ZVGUuRczP76322LyhTTYw2iM4avV4B5xFJocQJer,1,2,1,-0.0,14,0.0,0.0,0.5665543385607003,30,0,16,0.9333333333333333,0.0031034530831958403,496.4,2.8,1,6156.75,6099.75,0.9902
3SkE34PVeGck2ArEffFKjihrQgURsvnoTAhitsNXNzXd,1,2,1,-0.0,15,0.0,0.0,0.5846846399456275,30,0,16,0.9333333333333333,0.0031034530831958403,496.4,3.0,1,6156.75,6099.75,0.9902
3WDh9HgusCujDmXCVhophLrHvoKHQd1Sd4uFHz1Awo35,1,2,1,-0.0,15,0.0,0.0,0.5715190920583629,28,0,15,0.9333333333333333,0.0031034530831958403,496.4,3.0,1,6156.75,6099.75,0.9902
3YVoK8UN62dyiPZnGBzBTkGdwsVmmK1MpRoLcxNRs9BE,1,2,1,-0.0,14,0.0,0.0,0.5722552104587553,30,0,16,0.9333333333333333,0.0031034530831958403,496.4,2.8,1,6156.75,6099.75,0.9902
3YX7PQuESmR2h95FDgjahEQjyCBhmY1Ts2MsrM1Kg9DS,2,4,1,-0.0,15,0.0,1.0,0.5715190920583629,56,0,30,0.9333333333333333,0.0031034530831958403,496.4,3.0,1,6156.75,6099.75,0.9902
3cZSHGfNdaULpFAvGbWbxpVwzXB4gHdk8NFucPNR5pgA,5,10,1,-0.0,14,0.0,14.0,0.5631653484489122,136,0,76,0.9333333333333333,0.0031034530831958403,496.4,2.8,1,6156.75,6099.75,0.9902
3psxMyr7rQzywVp1MXKd1XFmFz33NjydzCoJx9t2sMQW,1,2,1,-0.0,13,0.0,0.0,0.5571760951737792,30,0,16,0.9333333333333333,0.0031034530831958403,496.4,2.6,1,6156.75,6099.75,0.9902
3rqEEEGjHRyndHuduBcjkf17rX3hgmGACpYTQYeZ5Ltk,1,2,1,-0.0,15,0.0,0.0,0.5715190920583629,28,0,15,0.9333333333333333,0.0031034530831958403,496.4,3.0,1,6156.75,6099.75,0.9902
3s97yjq2MhoPVPC3U9VeE3Z5S643Pweovg88ysvrQPw5,1,2,1,-0.0,15,0.0,0.0,0.5715190920583629,28,0,15,0.9333333333333333,0.0031034530831958403,496.4,3.0,1,6156.75,6099.75,0.9902
3x9nibnhgBHWKMRiGnsXJELRBjviQpKyigfrXtKW27KJ,1,2,1,-0.0,15,0.0,0.0,0.5715190920583629,28,0,15,0.9333333333333333,0.0031034530831958403,496.4,3.0,1,6156.75,6099.75,0.9902
43Am3PKFeo9cACpqYL5Sk95rpVdxLw3Mc22PqRqZXEW2,4,8,1,-0.0,15,0.0,15.0,0.5715190920583629,114,0,61,0.9333333333333333,0.0031034530831958403,496.4,3.0,1,6156.75,6099.75,0.9902
49j9bnkdgVNxLwsZ9h88sPR5MYEmsUyKrrJ6ZW8ijBrb,1,2,1,-0.0,15,0.0,0.0,0.5715190920583629,28,0,15,0.9333333333333333,0.0031034530831958403,496.4,3.0,1,6156.75,6099.75,0.9902
4GEEKSwuiBHWTff9WaqrDcToZjbX6KYdyB4c578Zxse2,1,2,1,-0.0,14,0.0,0.0,0.5665543385607003,30,0,16,0.9333333333333333,0.0031034530831958403,496.4,2.8,1,6156.75,6099.75,0.9902
4JahMMrVRS1gimWoXpD5H6KwKc2MrsoTDFMaStMttL1E,1,2,1,-0.0,14,0.0,0.0,0.5665543385607003,28,0,15,0.9333333333333333,0.0031034530831958403,496.4,2.8,1,6156.75,6099.75,0.9902
4QNekaDqrLmUENqkVhGCJrgHziPxkX9kridbKwunx9su,3,6,1,-0.0,15,0.0,15.0,0.5715190920583629,86,0,46,0.9333333333333333,0.0031034530831958403,496.4,3.0,1,6156.75,6099.75,0.9902
4SgoyAwN26iu9Gpf12Bk1rnzp4G4yDUM3XVv4w7VQcAf,1,2,1,-0.0,15,0.0,0.0,0.5715190920583629,28,0,15,0.9333333333333333,0.0031034530831958403,496.4,3.0,1,6156.75,6099.75,0.9902
4XspXDcJy3DWZsVdaXrt8pE1xhcLpXDKkhj9XyjmWWNy,1,2,1,-0.0,15,0.0,0.0,0.5715190920583629,28,0,15,0.9333333333333333,0.0031034530831958403,496.4,3.0,1,6156.75,6099.75,0.9902
4YGgmwyqztpJeAi3pzHQ4Gf9cWrMHCjZaWeWoCK6zz6X,1,2,1,-0.0,14,0.0,0.0,0.5665543385607003,28,0,15,0.9333333333333333,0.0031034530831958403,496.4,2.8,1,6156.75,6099.75,0.9902
4aRPyjsqqFsf5488a9QAaHJLQJMGwoL5P6wRtLmroe2d,1,2,1,-0.0,15,0.0,0.0,0.5715190920583629,28,0,15,0.9333333333333333,0.0031034530831958403,496.4,3.0,1,6156.75,6099.75,0.9902
4k6wgP5WPBKQpsFGtzuXNrjcTE2fKWLj17nDvFeG5zSF,1,2,1,-0.0,15,0.0,0.0,0.5715190920583629,28,0,15,0.9333333333333333,0.0031034530831958403,496.4,3.0,1,6156.75,6099.75,0.9902
4kL5QD8ir5CvkuvCUnQhBDuWhq3Xfnz3UfQLt4CqPQZQ,1,2,1,-0.0,14,0.0,0.0,0.5832753236275038,28,0,16,0.9333333333333333,0.0031034530831958403,496.4,2.8,1,6156.75,6099.75,0.9902
4mtXJ5pUcMMB4t8cLbi7zfDJCHfYLRrQb4qSLmh57sKL,1,2,1,-0.0,15,0.0,0.0,0.5715190920583629,28,0,15,0.9333333333333333,0.0031034530831958403,496.4,3.0,1,6156.75,6099.75,0.9902
4mzLWNgBX67zVwTykNnq96Z6KQLc8UyV5Q35EfVCDifC,3,6,1,-0.0,15,0.0,14.0,0.5715190920583629,84,0,45,0.9333333333333333,0.0031034530831958403,496.4,3.0,1,6156.75,6099.75,0.9902
4qL9M4GqavrNF38Pxz3xT6wVidRWAkTd5sx81Dm3LkaM,1,9,2,0.9182958340544896,3,2.0,0.0,0.6086864034198737,16,0,3,0.9333333333333333,0.0031034530831958403,496.4,1.0,485,6156.75,6099.75,0.9902
4vdWYn2KbmQ3Dns5wVBfz4CFQDds4b7CpsC8MHBhHAib,1,2,1,-0.0,15,0.0,0.0,0.5715190920583629,28,0,15,0.9333333333333333,0.0031034530831958403,496.4,3.0,1,6156.75,6099.75,0.9902
58KprHKFNHgH1Cvo4QwxWkDeJNaSQVteCoAAFUWjtESn,1,2,1,-0.0,15,0.0,0.0,0.5846846399456275,30,0,16,0.9333333333333333,0.0031034530831958403,496.4,3.0,1,6156.75,6099.75,0.9902
5AsoSeQtLoN8eLsf3wKrR3LwxHME4sTBGR6dpTCP1k3H,1,2,1,-0.0,14,0.0,0.0,0.5665543385607003,30,0,16,0.9333333333333333,0.0031034530831958403,496.4,2.8,1,6156.75,6099.75,0.9902
5HYjArGt81naevDdwMaEx8yeGNw9jYBSDJa8YavT9Mp4,1,2,1,-0.0,15,0.0,0.0,0.5715190920583629,28,0,15,0.9333333333333333,0.0031034530831958403,496.4,3.0,1,6156.75,6099.75,0.9902
5LNEDitSMhApT2uFnmtN7FmjCiGuatpnb2uU4f3shrk,2,4,1,-0.0,15,0.0,1.0,0.5715190920583629,56,0,30,0.9333333333333333,0.0031034530831958403,496.4,3.0,1,6156.75,6099.75,0.9902
5MAGJ3zShtXMMVXjZRoFqtFF7XhP8iLSyZrxdL7KpjcB,1,2,1,-0.0,15,0.0,0.0,0.5715190920583629,28,0,15,0.9333333333333333,0.0031034530831958403,496.4,3.0,1,6156.75,6099.75,0.9902
5P35CJVKU15Rrh5M6EVkre23EyA3K34kAut2GXhHKM7W,1,2,1,-0.0,13,0.0,0.0,0.5737761610693919,28,0,15,0.9333333333333333,0.0031034530831958403,496.4,2.6,1,6156.75,6099.75,0.9902
5TGfVQV1S3wHE9hkgGaQkRoPC7xZxiqwMcjQZxVYsf1j,1,2,1,-0.0,15,0.0,0.0,0.5715190920583629,28,0,15,0.9333333333333333,0.0031034530831958403,496.4,3.0,1,6156.75,6099.75,0.9902
5VrW7YNBccVnhnZVmooCePdLFcs2UjfxRT3hoY9mN8Ec,1,2,1,-0.0,15,0.0,0.0,0.5715190920583629,28,0,15,0.9333333333333333,0.0031034530831958403,496.4,3.0,1,6156.75,6099.75,0.9902
5XWtV48xW63kV6YNZ4NpSKDYDor82TmYQSMBxJvqP7sb,1,11,1,-0.0,1,1.0,0.0,0.6948941469489415,29,0,1,0.9333333333333333,0.0031034530831958403,496.4,1.0,485,6156.75,6099.75,0.9902
5ZjxMYBbnKd4VFxLjAChSWMTeQ96147HnxZvQJxUseHV,1,2,1,-0.0,16,0.0,0.0,0.587083008849862,30,0,16,0.9333333333333333,0.0031034530831958403,496.4,3.2,1,6156.75,6099.75,0.9902
5d9Mdc2Zk8as8GL1AxQeXxv5htBBvC5bjfmsXC7UUWwG,1,2,1,-0.0,14,0.0,0.0,0.5832753236275038,26,0,16,0.9333333333333333,0.0031034530831958403,496.4,2.8,1,6156.75,6099.75,0.9902
5ejbTALcBsKQ7Cj1iSuu2mY5jqbYHqh9gF5ERXLiYj1z,2,4,1,-0.0,16,0.0,1.0,0.587083008849862,58,0,31,0.9333333333333333,0.0031034530831958403,496.4,3.2,1,6156.75,6099.75,0.9902
5fSQdv4zsAJNx6RKpGho6sL6rY6a8nziaqcmwaRJB9NE,1,2,1,-0.0,7,0.0,0.0,0.6035334338645868,14,0,7,0.9333333333333333,0.0031034530831958403,496.4,1.75,378,6156.75,6099.75,0.9902
5ghoFEVrsXeAPB6SUmBpZ2xq3KvHEjNMeSaBnxEBXkHV,1,2,1,-0.0,14,0.0,0.0,0.5665543385607003,28,0,15,0.9333333333333333,0.0031034530831958403,496.4,2.8,1,6156.75,6099.75,0.9902
5ikB9XZNVsjwKb6hHT3FS3So1Z1SrDvU5yaniWEQyDEG,1,2,1,-0.0,15,0.0,0.0,0.5715190920583629,28,0,15,0.9333333333333333,0.0031034530831958403,496.4,3.0,1,6156.75,6099.75,0.9902
5ivRNcK1yThcK3koZR1oikAfuNm6rj1LceMskayoVSzc,4,8,1,-0.0,15,0.0,15.0,0.5715190920583629,112,0,60,0.9333333333333333,0.0031034530831958403,496.4,3.0,1,6156.75,6099.75,0.9902
5marvipGzf98hxnoJFXsZbGHSXcEQ3yRGJ4ps7D3V4ou,1,2,1,-0.0,15,0.0,0.0,0.5846846399456275,28,0,15,0.9333333333333333,0.0031034530831958403,496.4,3.0,1,6156.75,6099.75,0.9902
5pZvwjSpGYCxpJeySwSbSAji7kZe4YntL7rQvXM3YcNT,1,2,1,-0.0,15,0.0,0.0,0.5715190920583629,28,0,15,0.9333333333333333,0.0031034530831958403,496.4,3.0,1,6156.75,6099.75,0.9902
5tfcGyf3NQFcufDigvbRt9kWoVN2KPEkBRUY3UaC3Zwm,1,2,1,-0.0,15,0.0,0.0,0.5715190920583629,28,0,15,0.9333333333333333,0.0031034530831958403,496.4,3.0,1,6156.75,6099.75,0.9902
5ysfTZ42VT1TjnjzQShZSrix7wdVtjXwssocSeYKDs5d,2,4,1,-0.0,15,0.0,1.0,0.5715190920583629,56,0,30,0.9333333333333333,0.0031034530831958403,496.4,3.0,1,6156.75,6099.75,0.9902
5zm9g3zgAPWzX3wmUB2JtTkcwCqe74NWsTmt5wLFwCKK,1,2,1,-0.0,15,0.0,0.0,0.5715190920583629,28,0,15,0.9333333333333333,0.0031034530831958403,496.4,3.0,1,6156.75,6099.75,0.9902
61QB1Evn9E3noQtpJm4auFYyHSXS5FPgqKtPgwJJfEQk,1,2,1,-0.0,15,0.0,0.0,0.5715190920583629,28,0,15,0.9333333333333333,0.0031034530831958403,496.4,3.0,1,6156.75,6099.75,0.9902
65pHd5P2VrehonT1cdJ2JUnq5wi3WUgfL3A8RhYH7Kg7,1,2,1,-0.0,14,0.0,0.0,0.5665543385607003,28,0,15,0.9333333333333333,0.0031034530831958403,496.4,2.8,1,6156.75,6099.75,0.9902
6JKwz43wDTgk5n8eNCJrtsnNtkDdKd1XUZAvB9WkiEQ4,2,4,1,-0.0,14,0.0,1.0,0.5665543385607003,56,0,30,0.9333333333333333,0.0031034530831958403,496.4,2.8,1,6156.75,6099.75,0.9902
6JbQNigcDnUmoLBpeQVBWw1PoWuwCuSCzp4TBjbBC1jP,1,23,2,1.0,3,2.0,0.0,0.6683049329537546,44,0,4,0.9333333333333333,0.0031034530831958403,496.4,1.5,1,6156.75,6099.75,0.9902
6M53yM6dsE6hiaHgxWvYa4fsfzQTGyAZn7rM6JrzbqJV,1,2,1,-0.0,15,0.0,0.0,0.5715190920583629,28,0,15,0.9333333333333333,0.0031034530831958403,496.4,3.0,1,6156.75,6099.75,0.9902
6NDen7aDi65apHo8m1Vea4nuS6LyjQeM6pDNqcW4Q5Pg,5,10,1,-0.0,16,0.0,14.0,0.587083008849862,130,0,75,0.9333333333333333,0.0031034530831958403,496.4,3.2,1,6156.75,6099.75,0.9902
6Rk694kh1QTyQkirdb1uDZmS5xqG9bNaYtxx8d311Mr7,1,2,1,-0.0,13,0.0,0.0,0.5694431828614179,28,0,15,0.9333333333333333,0.0031034530831958403,496.4,2.6,1,6156.75,6099.75,0.9902
6TkKqq15wXjqEjNg9zqTKADwuVATR9dW3rkNnsYme1ea,1,2,1,-0.0,15,0.0,0.0,0.5715190920583629,30,0,16,0.9333333333333333,0.0031034530831958403,496.4,3.0,1,6156.75,6099.75,0.9902
6YDWxPaJWpZxJ6JLGaBeTJaGQn3gi3Pwtivii9cDyDHo,1,2,1,-0.0,15,0.0,0.0,0.5715190920583629,28,0,15,0.9333333333333333,0.0031034530831958403,496.4,3.0,1,6156.75,6099.75,0.9902
6gL3uHvuUjaPp9mTBf2VZ4tpKiYhbWyPrAPboGByzEHd,1,2,1,-0.0,14,0.0,0.0,0.5665543385607003,30,0,16,0.9333333333333333,0.0031034530831958403,496.4,2.8,1,6156.75,6099.75,0.9902
6gnbmed7kzwQVQ7ghsjgEuCoYmGeWciV2qCwni6WS6HU,1,2,1,-0.0,15,0.0,0.0,0.5715190920583629,28,0,15,0.9333333333333333,0.0031034530831958403,496.4,3.0,1,6156.75,6099.75,0.9902
6pEtDovpyd1zUMYPuNhMCPU37sUTEAtzzgoVVAh1G1JL,1,2,1,-0.0,14,0.0,0.0,0.5665543385607003,28,0,15,0.9333333333333333,0.0031034530831958403,496.4,2.8,1,6156.75,6099.75,0.9902
6qwYjs5vCSEKaTMBbHinnW8fvdGj1r8cpzPoAV1EHKsw,3,6,1,-0.0,16,0.0,12.0,0.587083008849862,84,0,45,0.9333333333333333,0.0031034530831958403,496.4,3.2,1,6156.75,6099.75,0.9902
6tpuCGuvAZyUwQPFLKmiUfGUKSBjk3yVHJ314cfJV4ZF,1,2,1,-0.0,14,0.0,0.0,0.5665543385607003,30,0,16,0.9333333333333333,0.0031034530831958403,496.4,2.8,1,6156.75,6099.75,0.9902
6xUK9Nbonr4eoJNtHGoUEMmYKoPz5mipKzyDBv6deX4d,1,2,1,-0.0,13,0.0,0.0,0.5571760951737792,28,0,15,0.9333333333333333,0.0031034530831958403,496.4,2.6,1,6156.75,6099.75,0.9902
6y7V8dL673XFzm9QyC5vvh3itWkp7wztahBd2yDqsyrK,3,6,1,-0.0,16,0.0,13.0,0.587083008849862,88,0,47,0.9333333333333333,0.0031034530831958403,496.4,3.2,1,6156.75,6099.75,0.9902
6yFGGAgYpBxgYPuHW4rv7hJmhKrUiXKyHkpVGaYtKrwE,3,6,1,-0.0,15,0.0,15.0,0.5715190920583629,86,0,46,0.9333333333333333,0.0031034530831958403,496.4,3.0,1,6156.75,6099.75,0.9902
6yVX5rkTR3NfgCuu37vkmLCeG2RLqKaJHLj4G6b4Dvzu,1,2,1,-0.0,15,0.0,0.0,0.5715190920583629,28,0,15,0.9333333333333333,0.0031034530831958403,496.4,3.0,1,6156.75,6099.75,0.9902
73hojLdq1vZDSxeVQEqVFJ4iwLngdvEJPEpEHkSdv6BZ,1,2,1,-0.0,11,0.0,1.0,0.5481173723903449,26,0,14,0.9333333333333333,0.0031034530831958403,496.4,2.2,1,6156.75,6099.75,0.9902
74Xkp2iLXm315h69sFRiCFjmKnaWkMV8W2LgJwPRSgN5,4,8,1,-0.0,16,0.0,16.0,0.587083008849862,118,0,63,0.9333333333333333,0.0031034530831958403,496.4,3.2,1,6156.75,6099.75,0.9902
78sEMVmeecStjxWU7XMJMH8bMRBW9vSiEAhAjtZbt3fW,1,2,1,-0.0,13,0.0,0.0,0.5571760951737792,28,0,15,0.9333333333333333,0.0031034530831958403,496.4,2.6,1,6156.75,6099.75,0.9902
7CR6whiYULVf1Knj4J5PxUS37opdk8UAx2WnDzBQKiVe,1,2,1,-0.0,13,0.0,0.0,0.5571760951737792,28,0,15,0.9333333333333333,0.0031034530831958403,496.4,2.6,1,6156.75,6099.75,0.9902
7EzbSahSfSjeRexHcNDLDpzHBAGBLjLKtjbmuoQnEtjE,1,2,1,-0.0,13,0.0,0.0,0.5694431828614179,28,0,15,0.9333333333333333,0.0031034530831958403,496.4,2.6,1,6156.75,6099.75,0.9902
7G4RfctwLLgqG4ZWfCirU8dfJd87mKQWgB4EHQRv8i7v,1,2,1,-0.0,14,0.0,0.0,0.5631653484489122,28,0,15,0.9333333333333333,0.0031034530831958403,496.4,2.8,1,6156.75,6099.75,0.9902
7HMHSdQkjDwz9Q5zAhEy83uzW3XHJchjdpMYapKXcKt5,1,2,1,-0.0,13,0.0,0.0,0.5571760951737792,30,0,16,0.9333333333333333,0.0031034530831958403,496.4,2.6,1,6156.75,6099.75,0.9902
7MTjmteQHhthwwTZhUzsc2dP4NBvGNRqj8jzdqNxHFGE,2,4,1,-0.0,15,0.0,0.0,0.5715190920583629,56,0,30,0.9333333333333333,0.0031034530831958403,496.4,3.0,1,6156.75,6099.75,0.9902
7Nu9ckgtjobZ3MkbadGFKEvRymYuah9HmcxiUJKMM9NB,1,2,1,-0.0,15,0.0,0.0,0.5715190920583629,28,0,15,0.9333333333333333,0.0031034530831958403,496.4,3.0,1,6156.75,6099.75,0.9902
7PpXQgDb9eCHN1Uudgi77Wm89cRz4T85YgDw83qvaJXd,1,2,1,-0.0,15,0.0,0.0,0.5715190920583629,28,0,15,0.9333333333333333,0.0031034530831958403,496.4,3.0,1,6156.75,6099.75,0.9902
7QQGNm3ptwinipDCyaCF7jY5katgmFUu1ieP2f7nwLpE,1,2,1,-0.0,15,0.0,0.0,0.5846846399456275,30,0,16,0.9333333333333333,0.0031034530831958403,496.4,3.0,1,6156.75,6099.75,0.9902
7TYbdqaFpHbLUWBe6fTc19XPweUMN6fB3GBW3TzZWu1i,1,2,1,-0.0,15,0.0,0.0,0.5715190920583629,28,0,15,0.9333333333333333,0.0031034530831958403,496.4,3.0,1,6156.75,6099.75,0.9902
7U68WfpxJF5W1HjVQ2NCQr5EuKhNSvSRAnmWTk6225Jf,1,2,1,-0.0,15,0.0,0.0,0.5715190920583629,28,0,15,0.9333333333333333,0.0031034530831958403,496.4,3.0,1,6156.75,6099.75,0.9902
7ZjHeeYEesmBs4N6aDvCQimKdtJX2bs5boXpJmpG2bZJ,1,2,1,-0.0,14,0.0,0.0,0.5665543385607003,28,0,15,0.9333333333333333,0.0031034530831958403,496.4,2.8,1,6156.75,6099.75,0.9902
7Zm1pE4FubFYZDyAQ5Labh3A4cxDcvve1s3WCRgEAZ84,2,4,1,-0.0,15,0.0,0.0,0.5715190920583629,56,0,30,0.9333333333333333,0.0031034530831958403,496.4,3.0,1,6156.75,6099.75,0.9902
7gfdHd7eScorCWvHtaYffyJ82NiHGcWca7po9HUNNjSi,1,11,1,-0.0,1,1.0,0.0,0.6410256410256411,20,0,1,0.9333333333333333,0.0031034530831958403,496.4,1.0,491,6156.75,6099.75,0.9902
7iCDKGmjkM95P89kzRcYiawsefMnv93ntX8Euhz3unra,1,1,2,1.0,1,2.0,0.0,0.6948941469489415,24,0,2,0.9333333333333333,0.0031034530831958403,496.4,1.0,485,6156.75,6099.75,0.9902
7knvB4bbqHCKuNp3ef2hJWdwqoH6WAUi55NQt6LdRfkx,1,2,1,-0.0,14,0.0,0.0,0.5631653484489122,28,0,15,0.9333333333333333,0.0031034530831958403,496.4,2.8,1,6156.75,6099.75,0.9902
7nzTzRZzezmugqE5ZjHRMxarhXunpwZ2PUdjV7uYzt7A,1,2,1,-0.0,15,0.0,0.0,0.5715190920583629,28,0,15,0.9333333333333333,0.0031034530831958403,496.4,3.0,1,6156.75,6099.75,0.9902
7qGNnXKW1e3DsqEaSxwxMdBTFsrK73XtWTmkGitRyMQc,1,2,1,-0.0,15,0.0,0.0,0.5715190920583629,30,0,16,0.9333333333333333,0.0031034530831958403,496.4,3.0,1,6156.75,6099.75,0.9902
7tqeaFKsg2K9xKnQWe61w71AtCZVMQvG4hbFAiFAngYw,1,2,1,-0.0,15,0.0,0.0,0.5715190920583629,28,0,15,0.9333333333333333,0.0031034530831958403,496.4,3.0,1,6156.75,6099.75,0.9902
7wxrp9biVjWhHBSNtKkj8pydzPvzyrHcELirJ2xHzNoY,1,10,1,-0.0,1,1.0,0.0,0.5264241592312972,18,0,1,0.9333333333333333,0.0031034530831958403,496.4,1.0,488,6156.75,6099.75,0.9902
7zujqoQsFic14ncDYhBSVGvDnqc94rE49c1ZJCHvAtiW,1,25,1,-0.0,2,0.0,2.0,0.5853912359110189,100,0,7,0.9333333333333333,0.0031034530831958403,496.4,1.0,480,6156.75,6099.75,0.9902
82vucuWCTTQEz6nYe3VetnL3pJYBrfDF2gDAjec9sPUy,1,2,1,-0.0,14,0.0,0.0,0.5665543385607003,28,0,15,0.9333333333333333,0.0031034530831958403,496.4,2.8,1,6156.75,6099.75,0.9902
84gC25fbFKYueR9WEfreUysk1n3ZFxLFDDjbyqeqGpoW,1,2,1,-0.0,15,0.0,0.0,0.5715190920583629,28,0,15,0.9333333333333333,0.0031034530831958403,496.4,3.0,1,6156.75,6099.75,0.9902
8AkVj5aAtJ27tYXeq89cnSf68V43NarFHMx2iSDjZv7c,1,2,1,-0.0,14,0.0,0.0,0.5631653484489122,26,0,15,0.9333333333333333,0.0031034530831958403,496.4,2.8,1,6156.75,6099.75,0.9902
8GLRbAstsabZuZUx73AoyfGi1FRCWSUhRgMugFyofEz7,2,4,1,-0.0,15,0.0,0.0,0.5715190920583629,56,0,30,0.9333333333333333,0.0031034530831958403,496.4,3.0,1,6156.75,6099.75,0.9902
8Rf7hLczBzGb71rmEjw3h9tTcxGijDiDHL651H9SfSFa,1,2,1,-0.0,14,0.0,0.0,0.5631653484489122,28,0,15,0.9333333333333333,0.0031034530831958403,496.4,2.8,1,6156.75,6099.75,0.9902
8T8AJfUCXwPFwEMmjca8gCRSktPrqbUBVa6ggNyhLhFJ,2,4,1,-0.0,15,0.0,0.0,0.5715190920583629,56,0,30,0.9333333333333333,0.0031034530831958403,496.4,3.0,1,6156.75,6099.75,0.9902
8Yq98CFAorqAc3CN7XtMVgKLrBc78wsBvjhAbFr4sNQ5,1,2,1,-0.0,14,0.0,0.0,0.5631653484489122,28,0,15,0.9333333333333333,0.0031034530831958403,496.4,2.8,1,6156.75,6099.75,0.9902
8ZQg3K1V1Z2BVJkjmnxpi43WKhjPGXphzu5QmBkJibSP,1,2,1,-0.0,15,0.0,0.0,0.5715190920583629,28,0,15,0.9333333333333333,0.0031034530831958403,496.4,3.0,1,6156.75,6099.75,0.9902
8aPHvzVV91jZF948tykkoF6WfgLHppNfG8Z3V4gCrDix,2,4,1,-0.0,13,0.0,2.0,0.5571760951737792,56,0,30,0.9333333333333333,0.0031034530831958403,496.4,2.6,1,6156.75,6099.75,0.9902
8augxYLUge2iWmitQMwbcBL5VQEpsM6aJdRofhwpnzyw,2,4,1,-0.0,15,0.0,2.0,0.5715190920583629,58,0,31,0.9333333333333333,0.0031034530831958403,496.4,3.0,1,6156.75,6099.75,0.9902
8cqck84coxk8TGXYBD95QosKCEA6fKwXLevcEv3oGmu8,3,6,1,-0.0,16,0.0,14.0,0.587083008849862,84,0,45,0.9333333333333333,0.0031034530831958403,496.4,3.2,1,6156.75,6099.75,0.9902
8ebFZA8NPLBZD91CwsG1HWQsa2B5Ludgdyf5Hi3sYhhs,3,6,1,-0.0,15,0.0,15.0,0.5715190920583629,118,0,62,0.9333333333333333,0.0031034530831958403,496.4,3.0,1,6156.75,6099.75,0.9902
8j7RdaofeR9jaXWqYTubqooHpcajP7EfhWbR4UKUB4fF,1,2,1,-0.0,14,0.0,0.0,0.5785796953519811,28,0,15,0.9333333333333333,0.0031034530831958403,496.4,2.8,1,6156.75,6099.75,0.9902
8n4pc4sCJtBeLfJdGyJn6EcZuhtfTiepRa9ExdJFdmEN,1,2,1,-0.0,15,0.0,0.0,0.5715190920583629,28,0,15,0.9333333333333333,0.0031034530831958403,496.4,3.0,1,6156.75,6099.75,0.9902
8nbE53mcKhy74HLiGZ1q5HRocwiCvgh49csSaHSdtukr,1,2,1,-0.0,15,0.0,0.0,0.5715190920583629,28,0,15,0.9333333333333333,0.0031034530831958403,496.4,3.0,1,6156.75,6099.75,0.9902
8pyp3vfVPRziYdAYEyqkwytdBbdVbQmHqfQAVDcRV3w,2,4,1,-0.0,15,0.0,0.0,0.5715190920583629,56,0,30,0.9333333333333333,0.0031034530831958403,496.4,3.0,1,6156.75,6099.75,0.9902
8tjFeSApQ85ThoQXT28acfF2KUfQr3TvTdirSkzNnYC7,6,12,1,-0.0,16,0.0,15.0,0.587083008849862,162,0,87,0.9333333333333333,0.0031034530831958403,496.4,3.2,1,6156.75,6099.75,0.9902
8uPW9msN75rfaKiwy8y8NxEX5zSk2WejtVv5YhZr3jCo,1,2,1,-0.0,15,0.0,0.0,0.5715190920583629,28,0,15,0.9333333333333333,0.0031034530831958403,496.4,3.0,1,6156.75,6099.75,0.9902
8vk6QpG93JSaQCSgnycBsv5qmfQBk4qC9FjNA35E5JhU,1,2,1,-0.0,15,0.0,0.0,0.5715190920583629,28,0,15,0.9333333333333333,0.0031034530831958403,496.4,3.0,1,6156.75,6099.75,0.9902
8yjHdsCgx3bp2zEwGiWSMgwpFaCSzfYAHT1vk7KJBqhN,1,2,1,-0.0,15,0.0,0.0,0.5715190920583629,28,0,15,0.9333333333333333,0.0031034530831958403,496.4,3.0,1,6156.75,6099.75,0.9902
91oPXTs2oq8VvJpQ5TnvXakFGnnJSpEB6HFWDtSctwMt,4,8,1,-0.0,15,0.0,15.0,0.5715190920583629,114,0,61,0.9333333333333333,0.0031034530831958403,496.4,3.0,1,6156.75,6099.75,0.9902
96XWbKem84optM8RLHhc8EYJQG8CCWA8F6oqWMPHDweN,1,2,1,-0.0,14,0.0,0.0,0.5665543385607003,28,0,15,0.9333333333333333,0.0031034530831958403,496.4,2.8,1,6156.75,6099.75,0.9902
97jbhVBYcSmwGXjrx5PPWXucDsVBqwyoQ6rzP3B6eeMt,1,2,1,-0.0,14,0.0,0.0,0.5832753236275038,26,0,15,0.9333333333333333,0.0031034530831958403,496.4,2.8,1,6156.75,6099.75,0.9902
99rG5AhkVagxJ7y8NpMAmy1h1u9GhT3h1Cimu2X3cwaJ,1,2,1,-0.0,14,0.0,0.0,0.5665543385607003,28,0,15,0.9333333333333333,0.0031034530831958403,496.4,2.8,1,6156.75,6099.75,0.9902
9AW87WqARQonyJYhx1G25fKfvjURFYVmHs79z1NUXDPD,1,2,1,-0.0,15,0.0,0.0,0.5715190920583629,28,0,15,0.9333333333333333,0.0031034530831958403,496.4,3.0,1,6156.75,6099.75,0.9902
9D3o3EYeknhTrRvXS1PnD2euGXnMFa3HwpYBq5gPZJDA,1,2,1,-0.0,14,0.0,0.0,0.5631653484489122,26,0,15,0.9333333333333333,0.0031034530831958403,496.4,2.8,1,6156.75,6099.75,0.9902
9GHvMeJ4ZWuAX6sDGscFL1TBMszx2EehnrcTVUy4MZJQ,1,2,1,-0.0,13,0.0,0.0,0.5788329915199547,26,0,15,0.9333333333333333,0.0031034530831958403,496.4,2.6,1,6156.75,6099.75,0.9902
9PRr9k87HjjdLMRkxtxygidjxVta9VQ1kAsqgLBWXKdQ,1,2,1,-0.0,14,0.0,0.0,0.5665543385607003,30,0,16,0.9333333333333333,0.0031034530831958403,496.4,2.8,1,6156.75,6099.75,0.9902
9T6SNsBimjCRJpkEjiVsc8AcxTBa1XVA7RjnBGGfWP23,1,2,1,-0.0,15,0.0,0.0,0.5715190920583629,28,0,15,0.9333333333333333,0.0031034530831958403,496.4,3.0,1,6156.75,6099.75,0.9902
9U4WqNGVywKt3gG9HSt9tGVXBDXJvgid6BVweRysaJmg,1,2,1,-0.0,14,0.0,0.0,0.5631653484489122,26,0,15,0.9333333333333333,0.0031034530831958403,496.4,2.8,1,6156.75,6099.75,0.9902
9UM8wQ8F5oMiRcP5YdqD6Lr4krpBWCD8LtgQYoisJd9i,1,2,1,-0.0,16,0.0,0.0,0.587083008849862,30,0,16,0.9333333333333333,0.0031034530831958403,496.4,3.2,1,6156.75,6099.75,0.9902
9USijQaAfSzw6gWbHNq68VVigmj3HvffDJYhbK4tfquB,1,2,1,-0.0,15,0.0,0.0,0.5715190920583629,28,0,15,0.9333333333333333,0.0031034530831958403,496.4,3.0,1,6156.75,6099.75,0.9902
9UbU7oaVXX6t7bMthxzzGPnWumFNxoWqUwX3qsrxb4pp,1,2,1,-0.0,14,0.0,0.0,0.5665543385607003,30,0,16,0.9333333333333333,0.0031034530831958403,496.4,2.8,1,6156.75,6099.75,0.9902
9dH6wfdJVgnDcbCUjT8rkmejAzTnGQaFarmLfvBYXANK,1,2,1,-0.0,14,0.0,0.0,0.5665543385607003,28,0,15,0.9333333333333333,0.0031034530831958403,496.4,2.8,1,6156.75,6099.75,0.9902
9gFxqsXbFyrKXUkqpAatonn47uYZ7sEZSnMxhzQoXrUJ,1,2,1,-0.0,15,0.0,0.0,0.5715190920583629,30,0,16,0.9333333333333333,0.0031034530831958403,496.4,3.0,1,6156.75,6099.75,0.9902
9hQqNe3DQTiwhspatewA8EXhz12e6sq5UJVJ2qNRwnTf,3,6,1,-0.0,15,0.0,11.0,0.5834868333714768,84,0,45,0.9333333333333333,0.0031034530831958403,496.4,3.0,1,6156.75,6099.75,0.9902
9iFPQbP1jGkj67sXg6YLLGRUBVEDMcapdS6jmCZSnz8R,1,2,1,-0.0,15,0.0,0.0,0.5715190920583629,28,0,15,0.9333333333333333,0.0031034530831958403,496.4,3.0,1,6156.75,6099.75,0.9902
9jJ3YRBL611e7xjXFMBExuninmTWjDnv3FXNotHmPnK2,1,2,1,-0.0,13,0.0,0.0,0.5737761610693919,28,0,15,0.9333333333333333,0.0031034530831958403,496.4,2.6,1,6156.75,6099.75,0.9902
9maF99FLLAMh5v5JKG1ZyRZVBVsT5VkZnAJzDvduCpJa,1,2,1,-0.0,14,0.0,0.0,0.5665543385607003,28,0,15,0.9333333333333333,0.0031034530831958403,496.4,2.8,1,6156.75,6099.75,0.9902
9n1eEtJJfj1535NYfx524QcCG5aHbf5DH7ejqBrFLBwG,1,2,1,-0.0,15,0.0,0.0,0.5846846399456275,30,0,16,0.9333333333333333,0.0031034530831958403,496.4,3.0,1,6156.75,6099.75,0.9902
9pBHfuE19q7PRbupJf8CZAMwv6RHjasdyMN9U9du7Nx2,1,2,1,-0.0,15,0.0,0.0,0.5715190920583629,28,0,15,0.9333333333333333,0.0031034530831958403,496.4,3.0,1,6156.75,6099.75,0.9902
9ppJrpsbbuGNjiMhhD52Ueco4KXUzVfrtNQ6tAcDab4f,1,2,1,-0.0,15,0.0,0.0,0.5715190920583629,28,0,15,0.9333333333333333,0.0031034530831958403,496.4,3.0,1,6156.75,6099.75,0.9902
9q16BB7WGmBxf1nJTdxH5zPnBUhtHqdqXqRFjSjuM4k7,1,2,1,-0.0,15,0.0,0.0,0.5715190920583629,28,0,15,0.9333333333333333,0.0031034530831958403,496.4,3.0,1,6156.75,6099.75,0.9902
A23LfQn6khffj2hGhGfXr6P52W2pxrVcCaHVQLYQgiX2,1,2,1,-0.0,15,0.0,0.0,0.5715190920583629,28,0,15,0.9333333333333333,0.0031034530831958403,496.4,3.0,1,6156.75,6099.75,0.9902
A4hyMd3FyvUJSRafDUSwtLLaQcxRP4r1BRC9w2AJ1to2,1,2,1,-0.0,13,0.0,0.0,0.5571760951737792,26,0,15,0.9333333333333333,0.0031034530831958403,496.4,2.6,1,6156.75,6099.75,0.9902
A9mvukTd77EbRoBX4ydSCFQHdu5bsRFkNXTTRstA8FAC,2,4,1,-0.0,15,0.0,1.0,0.5715190920583629,58,0,31,0.9333333333333333,0.0031034530831958403,496.4,3.0,1,6156.75,6099.75,0.9902
ABC1U4cf9DZMwqy8ktEr4WJj8VHmVBQibbC57gEJthwY,1,2,1,-0.0,15,0.0,0.0,0.5846846399456275,28,0,15,0.9333333333333333,0.0031034530831958403,496.4,3.0,1,6156.75,6099.75,0.9902
ABREU5YkQcfpDZymoQ97iGUgQcfgjctWUUxEMfumiPdV,1,2,1,-0.0,14,0.0,0.0,0.5785796953519811,26,0,15,0.9333333333333333,0.0031034530831958403,496.4,2.8,1,6156.75,6099.75,0.9902
ACTGYsH7bHbaSP7z9N86oLPHBThAELbGfTboc1VoFeZz,1,2,1,-0.0,13,0.0,0.0,0.5571760951737792,28,0,15,0.9333333333333333,0.0031034530831958403,496.4,2.6,1,6156.75,6099.75,0.9902
ADjyeNzWd8yhEjCVyAqT87eqoyGRbimERQsNhFQcXjop,2,4,1,-0.0,14,0.0,2.0,0.5665543385607003,60,0,32,0.9333333333333333,0.0031034530831958403,496.4,2.8,1,6156.75,6099.75,0.9902
AEAJtnjjB19XFreJH21UP8rfd12f9kxMmngwZG3tGXbP,1,2,1,-0.0,14,0.0,0.0,0.5665543385607003,30,0,16,0.9333333333333333,0.0031034530831958403,496.4,2.8,1,6156.75,6099.75,0.9902
ALPHA6rdHZkx1om79xp47vX1iZXcbM3qfEwLyttZ1T7R,1,2,1,-0.0,15,0.0,0.0,0.5715190920583629,28,0,15,0.9333333333333333,0.0031034530831958403,496.4,3.0,1,6156.75,6099.75,0.9902
ALp2GdA1eJV8vZHMHazCtTxNXe3BLUSco9LDASgjDs8R,1,2,1,-0.0,15,0.0,0.0,0.5715190920583629,28,0,15,0.9333333333333333,0.0031034530831958403,496.4,3.0,1,6156.75,6099.75,0.9902
ANC1u9sY36q3mi2MyVhtz71un8yLgTsFBUuyLcSPzKsk,1,2,1,-0.0,15,0.0,0.0,0.5715190920583629,28,0,15,0.9333333333333333,0.0031034530831958403,496.4,3.0,1,6156.75,6099.75,0.9902
AS4i8EXUZnPbmNT5ZXmoTEbrXQrbFoReiWwwFB43Ds5z,1,2,1,-0.0,13,0.0,0.0,0.5571760951737792,28,0,15,0.9333333333333333,0.0031034530831958403,496.4,2.6,1,6156.75,6099.75,0.9902
ASTyfSima4LLAdDgoFGkgqoKowG1LZFDr9fAQrg7iaJZ,1,10,2,0.9709505944546686,4,0.0,0.0,0.6199157000690079,14,0,5,0.9333333333333333,0.0031034530831958403,496.4,1.3333333333333333,472,6156.75,6099.75,0.9902
AWZhUiQjrjtxL8MEMWsCFbMausFQKkdTnDsFW2i411hN,1,2,1,-0.0,14,0.0,0.0,0.5665543385607003,28,0,15,0.9333333333333333,0.0031034530831958403,496.4,2.8,1,6156.75,6099.75,0.9902
AWcCdYG7Dy6GX45c6QMPbgGwgRZPKcBDT4bXGb3QrVRV,1,2,1,-0.0,15,0.0,0.0,0.5715190920583629,28,0,15,0.9333333333333333,0.0031034530831958403,496.4,3.0,1,6156.75,6099.75,0.9902
AYY1TCe347UZ7zueBmF4MyoFkeEZquRUNVBNoUZiRoew,1,2,1,-0.0,14,0.0,0.0,0.5665543385607003,28,0,15,0.9333333333333333,0.0031034530831958403,496.4,2.8,1,6156.75,6099.75,0.9902
AccReGBNBdUCEJ7ZyP231jw7uVJ3eF9u4cLBFAyqQuWm,1,2,1,-0.0,15,0.0,0.0,0.5715190920583629,28,0,15,0.9333333333333333,0.0031034530831958403,496.4,3.0,1,6156.75,6099.75,0.9902
AiBEt9kE8yZ4CnaLfTCGMp7Fg2wCtqhPTfvJ8D3zrLfu,1,2,1,-0.0,14,0.0,0.0,0.5665543385607003,28,0,15,0.9333333333333333,0.0031034530831958403,496.4,2.8,1,6156.75,6099.75,0.9902
AiDoLWFKzNxSXKeZ4zym2TEPkg6F4kQ3YBA8WhANVPEq,1,2,1,-0.0,15,0.0,0.0,0.5846846399456275,28,0,15,0.9333333333333333,0.0031034530831958403,496.4,3.0,1,6156.75,6099.75,0.9902
AjAubETeBLhebBxLcErmzbavZfqF9bCxkpRAdyJtoi9G,1,2,2,0.4689955935892812,5,0.0,2.0,0.588716055171492,19,0,10,0.9333333333333333,0.0031034530831958403,496.4,1.6666666666666667,478,6156.75,6099.75,0.9902
AjGby82yXeYgj3kmng9y3c4nQpZFmiPpJKecLJTHbfbP,1,2,1,-0.0,13,0.0,0.0,0.5571760951737792,28,0,15,0.9333333333333333,0.0031034530831958403,496.4,2.6,1,6156.75,6099.75,0.9902
AmhQFcGvH2hjkucP78rn6GMKSbstYwyFpCDVKZUwBGrG,1,2,1,-0.0,14,0.0,0.0,0.5631653484489122,28,0,15,0.9333333333333333,0.0031034530831958403,496.4,2.8,1,6156.75,6099.75,0.9902
AmjX7CerZbHrU814UeBp2gJC7gANNG3KrP4c3RyD7TSD,1,2,1,-0.0,15,0.0,0.0,0.5715190920583629,28,0,15,0.9333333333333333,0.0031034530831958403,496.4,3.0,1,6156.75,6099.75,0.9902
AnKWYWA1zktynzWqPC5KQFYWrTEWNny2CAHbAVU9zSXT,1,2,1,-0.0,14,0.0,0.0,0.5631653484489122,26,0,15,0.9333333333333333,0.0031034530831958403,496.4,2.8,1,6156.75,6099.75,0.9902
AoUwfPuiEek2thVRDhMP7HbQb9rguyab4rDiz2NAfwwA,1,2,1,-0.0,14,0.0,0.0,0.5665543385607003,30,0,16,0.9333333333333333,0.0031034530831958403,496.4,2.8,1,6156.75,6099.75,0.9902
AqyRvpjjSN6jWYPxijoJwhmKwJFk6fRYDh9fQZHcJ2o7,1,2,1,-0.0,15,0.0,0.0,0.5715190920583629,28,0,15,0.9333333333333333,0.0031034530831958403,496.4,3.0,1,6156.75,6099.75,0.9902
As9NxA9bCfhrVLAFyGeWG5X5iLYPGhU3R7nLfX3tN6am,1,2,1,-0.0,14,0.0,0.0,0.5665543385607003,28,0,15,0.9333333333333333,0.0031034530831958403,496.4,2.8,1,6156.75,6099.75,0.9902
Atom7LRkdXj6MBoWJPgjaetrCMrgB9nnkQBYXTWE8Z3S,1,2,1,-0.0,15,0.0,0.0,0.5715190920583629,28,0,15,0.9333333333333333,0.0031034530831958403,496.4,3.0,1,6156.75,6099.75,0.9902
AvNsK6uxBBwejyPe7tZqgX4onaCnXTqKQvKRaTe9Ekya,1,2,1,-0.0,14,0.0,0.0,0.5631653484489122,28,0,15,0.9333333333333333,0.0031034530831958403,496.4,2.8,1,6156.75,6099.75,0.9902
Aw5wEMXhbygFLR7jHtHpih8QvxVBGAMTqsQ2SjWPk1ex,1,2,1,-0.0,15,0.0,0.0,0.5715190920583629,30,0,16,0.9333333333333333,0.0031034530831958403,496.4,3.0,1,6156.75,6099.75,0.9902
Awes4Tr6TX8JDzEhCZY2QVNimT6iD1zWHzf1vNyGvpLM,1,2,1,-0.0,12,0.0,0.0,0.5825410131482597,22,0,12,0.9333333333333333,0.0031034530831958403,496.4,2.4,1,6156.75,6099.75,0.9902
AxiomRXZAq1Jgjj9pHmNqVP7Lhu67wLXZJZbaK87TTSk,1,6,1,-0.0,5,0.0,0.0,0.6414307748679551,10,0,5,0.9333333333333333,0.0031034530831958403,496.4,1.6666666666666667,1,6156.75,6099.75,0.9902
B94PGWcxE9iEDov8sZobTkqEY96Yb5gfcsYWSWpQxh6S,3,6,1,-0.0,16,0.0,14.0,0.587083008849862,90,0,48,0.9333333333333333,0.0031034530831958403,496.4,3.2,1,6156.75,6099.75,0.9902
BCJN2vZFAHDYmufBDcbD5UAQHSyerXfc6UQkgX3mSWuh,1,2,1,-0.0,13,0.0,0.0,0.5571760951737792,28,0,15,0.9333333333333333,0.0031034530831958403,496.4,2.6,1,6156.75,6099.75,0.9902
BCS95L5JHBWHvWkcEJBEF3BH5QHxKcPeaTgoYmHLvfFh,1,2,1,-0.0,14,0.0,0.0,0.5631653484489122,28,0,15,0.9333333333333333,0.0031034530831958403,496.4,2.8,1,6156.75,6099.75,0.9902
BCeczqpTRPigndHVJu1KEzno1Uhb4hjrE7ttmAndrV1p,5,10,1,-0.0,15,0.0,15.0,0.5715190920583629,150,0,80,0.9333333333333333,0.0031034530831958403,496.4,3.0,1,6156.75,6099.75,0.9902
BCjGyexo1i7qpN9CbJ9Zt8avWr4Lb2JRtcm43sJvsgQK,1,2,1,-0.0,14,0.0,0.0,0.5631653484489122,28,0,15,0.9333333333333333,0.0031034530831958403,496.4,2.8,1,6156.75,6099.75,0.9902
BGAjnivVWqLqByqCVT9dSyPUFicvyJrz7vRvrvui3SEk,1,2,1,-0.0,15,0.0,0.0,0.5715190920583629,28,0,15,0.9333333333333333,0.0031034530831958403,496.4,3.0,1,6156.75,6099.75,0.9902
BJvrWSfonXnS2Km8iA9KLY6D6vS3GcsaUwUNPFBumTca,1,2,1,-0.0,15,0.0,0.0,0.5715190920583629,28,0,15,0.9333333333333333,0.0031034530831958403,496.4,3.0,1,6156.75,6099.75,0.9902
BM2vE2QqkB9fGtC34WPtM8drbgta13SBkhRq6dRG9J4J,1,2,1,-0.0,13,0.0,0.0,0.5571760951737792,28,0,15,0.9333333333333333,0.0031034530831958403,496.4,2.6,1,6156.75,6099.75,0.9902
BNtHBLo1L2vAG7PBQ6mJvWz7GqVPxBnioXsY2Gjtubrg,23,46,1,-0.0,16,0.0,16.0,0.587083008849862,654,0,353,0.9333333333333333,0.0031034530831958403,496.4,3.2,1,6156.75,6099.75,0.9902
BP8TxUroBDw97JWmc9bfg9bs8PoE6MA71SSihhBNUJR4,1,2,1,-0.0,6,0.0,0.0,0.5591663049340514,14,0,8,0.9333333333333333,0.0031034530831958403,496.4,1.2,1,6156.75,6099.75,0.9902
BPKAfGkkzF5u1QRjjB1nWYYbPMUCMPJe1xZPmwEMNMCT,1,2,1,-0.0,15,0.0,0.0,0.5715190920583629,28,0,15,0.9333333333333333,0.0031034530831958403,496.4,3.0,1,6156.75,6099.75,0.9902
BR1aTt4ZZUCwWJDkSYf1hqkYJjo7Mb7Ar8iVTkeSwUB8,2,4,1,-0.0,15,0.0,1.0,0.5715190920583629,58,0,31,0.9333333333333333,0.0031034530831958403,496.4,3.0,1,6156.75,6099.75,0.9902
BSGMRbK97DcgLe4u4kfNQnmTVZGVnwdtKQBJqWRBTZxU,2,4,1,-0.0,15,0.0,3.0,0.5715190920583629,58,0,31,0.9333333333333333,0.0031034530831958403,496.4,3.0,1,6156.75,6099.75,0.9902
BSMe78Jk1BfeJDdHQj1aXVjrT2aMAYidyNAGQsTshrk,1,2,1,-0.0,13,0.0,0.0,0.5737761610693919,30,0,16,0.9333333333333333,0.0031034530831958403,496.4,2.6,1,6156.75,6099.75,0.9902
BXAxLMMMUNYfC1z166VjWHR3WjTmqzLxB837o5ghmRtH,1,2,1,-0.0,15,0.0,0.0,0.5846846399456275,30,0,16,0.9333333333333333,0.0031034530831958403,496.4,3.0,1,6156.75,6099.75,0.9902
Ba1o5NWMdCDVVwoRNHLmuxHd2ypcZRWi18em5eavEgoE,1,7,1,-0.0,1,1.0,0.0,0.5289993626513703,15,0,1,0.9333333333333333,0.0031034530831958403,496.4,1.0,491,6156.75,6099.75,0.9902
BeRtYZnaaZLFwYQRPaZcxuuHBmyFBSGP32C8Ls5xnrZP,2,4,1,-0.0,14,0.0,2.0,0.5832753236275038,52,0,30,0.9333333333333333,0.0031034530831958403,496.4,2.8,1,6156.75,6099.75,0.9902
BeaCHioStqCEFDFxKwAEzyrUPYxqnBPhJ98gDKeEiTPb,1,2,1,-0.0,11,0.0,1.0,0.5850094024378601,26,0,14,0.9333333333333333,0.0031034530831958403,496.4,2.75,1,6156.75,6099.75,0.9902
BfgMdL4FaNHp5zZpD7WMYG5sZUrCWQPEjXDwWS7M5q3F,1,2,1,-0.0,15,0.0,0.0,0.5715190920583629,28,0,15,0.9333333333333333,0.0031034530831958403,496.4,3.0,1,6156.75,6099.75,0.9902
BiU1DNow77wGwSXW1bLmkcQe2cuySpkbz7xtbitD9Fmk,1,2,1,-0.0,14,0.0,0.0,0.5631653484489122,28,0,15,0.9333333333333333,0.0031034530831958403,496.4,2.8,1,6156.75,6099.75,0.9902
Bk2qYNMa4hUkbutBcb4JHhMqAbGEFZq4KjicpMCwC2wn,1,3,1,-0.0,3,0.0,0.0,0.6887694352757904,9,0,3,0.9333333333333333,0.0031034530831958403,496.4,1.5,472,6156.75,6099.75,0.9902
BoNKmNCGvoHS4CkKvYRnF21iEpUP827pZjhFGdA4t5as,1,2,1,-0.0,15,0.0,0.0,0.5715190920583629,30,0,16,0.9333333333333333,0.0031034530831958403,496.4,3.0,1,6156.75,6099.75,0.9902
BuoZ7q6faiJNTN24r7Kcj8dp96axs5XPEKXmWGsh2pDE,1,2,1,-0.0,16,0.0,0.0,0.587083008849862,30,0,16,0.9333333333333333,0.0031034530831958403,496.4,3.2,1,6156.75,6099.75,0.9902
BuonuQoAR74GoMwCFhxKWVWWSGGt2wfbNmQ3cizaJ97G,1,2,1,-0.0,7,0.0,0.0,0.5921316900684769,16,0,8,0.9333333333333333,0.0031034530831958403,496.4,1.75,378,6156.75,6099.75,0.9902
By8MseMKtZQQaQjMHJiyetmc5AC8RZZv8C2ss33ktrHt,1,2,1,-0.0,14,0.0,0.0,0.5631653484489122,28,0,15,0.9333333333333333,0.0031034530831958403,496.4,2.8,1,6156.75,6099.75,0.9902
ByszyWdqC3rVMWy8f6jwK5cmwkpwYdwsr7UL58xS5vnm,1,2,1,-0.0,15,0.0,0.0,0.5715190920583629,28,0,15,0.9333333333333333,0.0031034530831958403,496.4,3.0,1,6156.75,6099.75,0.9902
CBUGET5PnvLc3HvEeFYj64iTvdKhYV6pujTPDdDh785K,1,2,1,-0.0,15,0.0,0.0,0.5715190920583629,28,0,15,0.9333333333333333,0.0031034530831958403,496.4,3.0,1,6156.75,6099.75,0.9902
CG4tRANBKrzUmpv93V5sgftjQznBdiJsc2yPCzZWWuS9,1,2,1,-0.0,15,0.0,0.0,0.5715190920583629,28,0,15,0.9333333333333333,0.0031034530831958403,496.4,3.0,1,6156.75,6099.75,0.9902
CLsFr1KZVbAyz16iFpwg2e4hiekR1unpwyxfNdjBMaoE,1,2,1,-0.0,15,0.0,0.0,0.5715190920583629,28,0,15,0.9333333333333333,0.0031034530831958403,496.4,3.0,1,6156.75,6099.75,0.9902
CMPSSdrTnRQBiBGTyFpdCc3VMNuLWYWaSkE8Zh5z6gbd,1,2,1,-0.0,15,0.0,0.0,0.5715190920583629,28,0,15,0.9333333333333333,0.0031034530831958403,496.4,3.0,1,6156.75,6099.75,0.9902
CPcDFHCAKkr5Kp9T5aQWJhXV5J6iFj141NMQ87L6poPL,2,4,1,-0.0,15,0.0,0.0,0.5715190920583629,56,0,30,0.9333333333333333,0.0031034530831958403,496.4,3.0,1,6156.75,6099.75,0.9902
CTwsruptUccEtZGNxBDbuusHYxkBX3P6ndrxVjSG213y,1,2,1,-0.0,13,0.0,0.0,0.5650240592355926,26,0,15,0.9333333333333333,0.0031034530831958403,496.4,2.6,1,6156.75,6099.75,0.9902
CVgwMrWo9chKEuEPCe6Za9KJe8jamnAcoeWzaMeNubr6,1,2,1,-0.0,15,0.0,0.0,0.5715190920583629,28,0,15,0.9333333333333333,0.0031034530831958403,496.4,3.0,1,6156.75,6099.75,0.9902
CVvaeDPR2o7P1eawG5c9TPFLzSXAewwPovPmREaEL4Cm,10,20,1,-0.0,16,0.0,16.0,0.587083008849862,296,0,158,0.9333333333333333,0.0031034530831958403,496.4,3.2,1,6156.75,6099.75,0.9902
CZanBzZHFzrGY5qKzaX3CNhJ5smHEMTWFFnoeUi4J6dr,1,2,1,-0.0,14,0.0,0.0,0.5631653484489122,28,0,15,0.9333333333333333,0.0031034530831958403,496.4,2.8,1,6156.75,6099.75,0.9902
CarrotLYPhQzYL4fEsTUvEzw5QDaMGSZUENHSkh7qzQa,1,4,2,0.9182958340544896,3,1.0,0.0,0.6095448045598981,17,0,3,0.9333333333333333,0.0031034530831958403,496.4,1.0,485,6156.75,6099.75,0.9902
Certusm1sa411sMpV9FPqU5dXAYhmmhygvxJ23S6hJ24,1,2,1,-0.0,15,0.0,0.0,0.5846846399456275,28,0,15,0.9333333333333333,0.0031034530831958403,496.4,3.0,1,6156.75,6099.75,0.9902
CfgRXmp1LEYr97EaT2RyoL2cSvtWgJh52Bes89RxVSoW,1,2,1,-0.0,15,0.0,0.0,0.5715190920583629,28,0,15,0.9333333333333333,0.0031034530831958403,496.4,3.0,1,6156.75,6099.75,0.9902
ChaossRPGKnsVhX1GfPC78yq5Sqju4cMThcAsKZNz5d6,1,2,1,-0.0,15,0.0,0.0,0.5715190920583629,28,0,15,0.9333333333333333,0.0031034530831958403,496.4,3.0,1,6156.75,6099.75,0.9902
CiR8HNCfkjtcongPmP2DRdZPnFgjSbN5gsXdjmsXXHcB,1,2,1,-0.0,14,0.0,0.0,0.5665543385607003,30,0,16,0.9333333333333333,0.0031034530831958403,496.4,2.8,1,6156.75,6099.75,0.9902
CjmXSapt1ouz3CZzgkRJckBEwMSo5fVdVrizLeRscwYD,1,2,1,-0.0,15,0.0,0.0,0.5715190920583629,30,0,16,0.9333333333333333,0.0031034530831958403,496.4,3.0,1,6156.75,6099.75,0.9902
CkCMabrc3HgBgDkeKPXkbWuQpUuSqW7zs1Mg3HFArx61,1,2,1,-0.0,15,0.0,0.0,0.5715190920583629,28,0,15,0.9333333333333333,0.0031034530831958403,496.4,3.0,1,6156.75,6099.75,0.9902
CoG8d9Fp2TFJRkAmrPMiPsGhQWHzdTTVoegEp9svRgmJ,1,2,1,-0.0,15,0.0,0.0,0.5715190920583629,30,0,16,0.9333333333333333,0.0031034530831958403,496.4,3.0,1,6156.75,6099.75,0.9902
Cogent51kHgGLHr7zpkpRjGYFXM57LgjHjDdqXd4ypdA,1,2,1,-0.0,15,0.0,0.0,0.5715190920583629,28,0,15,0.9333333333333333,0.0031034530831958403,496.4,3.0,1,6156.75,6099.75,0.9902
CpNnGGhgVATJAbzHUXdrcGfpPiGuZyPka4QUmH7YgavX,1,2,1,-0.0,14,0.0,0.0,0.5631653484489122,28,0,15,0.9333333333333333,0.0031034530831958403,496.4,2.8,1,6156.75,6099.75,0.9902
CpgSfd6QUoBw1267rTtJoZhELqC5q7isKLojBifSbNEE,1,2,1,-0.0,15,0.0,0.0,0.5715190920583629,28,0,15,0.9333333333333333,0.0031034530831958403,496.4,3.0,1,6156.75,6099.75,0.9902
Crg1X8FftV44NmwfFvgREjanBQmyyS7NEu6duLU7Cyy6,2,4,1,-0.0,15,0.0,1.0,0.5715190920583629,58,0,31,0.9333333333333333,0.0031034530831958403,496.4,3.0,1,6156.75,6099.75,0.9902
CtvdyHYt8cMuGVHFarV2RADfoCdnrbd8e9jAsB225uMW,1,2,1,-0.0,13,0.0,0.0,0.5650240592355926,26,0,15,0.9333333333333333,0.0031034530831958403,496.4,2.6,1,6156.75,6099.75,0.9902
CtzN7ysR5rX69qd168Aosbuc83mPozhi81bEHbG7ecNP,1,2,1,-0.0,13,0.0,0.0,0.5650240592355926,26,0,15,0.9333333333333333,0.0031034530831958403,496.4,2.6,1,6156.75,6099.75,0.9902
CwhdMezLucz7bcuWzStpLXgrzKGC2tBBiaVmJZjfprRN,1,2,1,-0.0,15,0.0,0.0,0.5715190920583629,28,0,15,0.9333333333333333,0.0031034530831958403,496.4,3.0,1,6156.75,6099.75,0.9902
CwyVpfmfSiMeCexi3JgUNvaiDfYN14cLDjzT99zcBuD2,3,6,1,-0.0,15,0.0,15.0,0.5715190920583629,90,0,48,0.9333333333333333,0.0031034530831958403,496.4,3.0,1,6156.75,6099.75,0.9902
D1A4F2yh38JLQExKjDiCi4G2tCMwj93c3sikseSSePKe,2,4,1,-0.0,15,0.0,0.0,0.5715190920583629,56,0,30,0.9333333333333333,0.0031034530831958403,496.4,3.0,1,6156.75,6099.75,0.9902
D2RV1q6FgePVVjrMa7AMzVbvvAeg5oS7TAV7qdNKSDsX,1,2,1,-0.0,15,0.0,0.0,0.5715190920583629,28,0,15,0.9333333333333333,0.0031034530831958403,496.4,3.0,1,6156.75,6099.75,0.9902
D3htsc6iRQJLqCNWcC2xcZgUuvcd1JT8zoYNqraNcTQz,1,2,1,-0.0,15,0.0,0.0,0.5715190920583629,28,0,15,0.9333333333333333,0.0031034530831958403,496.4,3.0,1,6156.75,6099.75,0.9902
D4r6Rcua2L7nHHhdaiZe2k2bTfPg2WQqcNYpG6bugvCG,1,2,1,-0.0,15,0.0,0.0,0.5715190920583629,28,0,15,0.9333333333333333,0.0031034530831958403,496.4,3.0,1,6156.75,6099.75,0.9902
DB7DNWMVQASMFxcjkwdr4w4eg3NmfjWTk2rqFMMbrPLA,1,2,1,-0.0,15,0.0,0.0,0.5715190920583629,28,0,15,0.9333333333333333,0.0031034530831958403,496.4,3.0,1,6156.75,6099.75,0.9902
DCKyEmMENQMtLXgbmUoHRmgP9XdJ9HsR5WxrKnSDCzKA,1,2,1,-0.0,14,0.0,0.0,0.5665543385607003,28,0,15,0.9333333333333333,0.0031034530831958403,496.4,2.8,1,6156.75,6099.75,0.9902
DCdTPyDbXNHrmdv4ZyPPzEfY4mPAqH4hDPtowAteoNgv,1,2,1,-0.0,15,0.0,0.0,0.5715190920583629,30,0,16,0.9333333333333333,0.0031034530831958403,496.4,3.0,1,6156.75,6099.75,0.9902
DDnAqxJVFo2GVTujibHt5cjevHMSE9bo8HJaydHoshdp,1,2,1,-0.0,15,0.0,0.0,0.5715190920583629,28,0,15,0.9333333333333333,0.0031034530831958403,496.4,3.0,1,6156.75,6099.75,0.9902
DEU4agzdUCA5oZ1QSLxCyZb1smvdu5j1NXXsK2r823Uu,1,2,1,-0.0,13,0.0,0.0,0.5571760951737792,28,0,15,0.9333333333333333,0.0031034530831958403,496.4,2.6,1,6156.75,6099.75,0.9902
DKSy9mQn63487j7oXHxqmykLEYUA3akTHm1QNPgDLGN8,3,6,1,-0.0,13,0.0,12.0,0.5650240592355926,78,0,45,0.9333333333333333,0.0031034530831958403,496.4,2.6,1,6156.75,6099.75,0.9902
DP9iBgK9c7tJYb83KhxQMFNc1LXYu7nE7EhWpEzQnjmg,2,4,1,-0.0,13,0.0,3.0,0.5571760951737792,58,0,31,0.9333333333333333,0.0031034530831958403,496.4,2.6,1,6156.75,6099.75,0.9902
DRFh448Zz6AaHLJPZTgSw4fwv3eu776Db5RYEY4BqT7X,1,2,1,-0.0,15,0.0,0.0,0.5715190920583629,28,0,15,0.9333333333333333,0.0031034530831958403,496.4,3.0,1,6156.75,6099.75,0.9902
DRpbCBMxVnDK7maPM5tGv6MvB3v1sRMC86PZ8okm21hy,1,2,1,-0.0,15,0.0,0.0,0.5846846399456275,30,0,16,0.9333333333333333,0.0031034530831958403,496.4,3.0,1,6156.75,6099.75,0.9902
DWvDTSh3qfn88UoQTEKRV2JnLt5jtJAVoiCo3ivtMwXP,1,2,1,-0.0,15,0.0,0.0,0.5846846399456275,28,0,15,0.9333333333333333,0.0031034530831958403,496.4,3.0,1,6156.75,6099.75,0.9902
DZKTNGR3r4Akj3G42ReZatKhkmgEXoZjk5Ed2tFwRyqm,1,2,1,-0.0,15,0.0,0.0,0.5715190920583629,30,0,16,0.9333333333333333,0.0031034530831958403,496.4,3.0,1,6156.75,6099.75,0.9902
DZVySotZvrvJyVAcgjFtUDm93zoCaq9wBruMAUz83CWW,2,4,1,-0.0,15,0.0,1.0,0.5715190920583629,58,0,31,0.9333333333333333,0.0031034530831958403,496.4,3.0,1,6156.75,6099.75,0.9902
DeepM3FDWaAb7o53rvyZk5YvHLG3FvDiVXJLRY78z51p,1,2,1,-0.0,14,0.0,0.0,0.5631653484489122,26,0,15,0.9333333333333333,0.0031034530831958403,496.4,2.8,1,6156.75,6099.75,0.9902
DiFeTctQSaNczJNmZ5121kYqLaBe9wDpM9sjCzTELJLE,1,2,1,-0.0,13,0.0,0.0,0.5571760951737792,30,0,16,0.9333333333333333,0.0031034530831958403,496.4,2.6,1,6156.75,6099.75,0.9902
Diman2GphWLwECE3swjrAEAJniezpYLxK1edUydiDZau,1,2,1,-0.0,15,0.0,0.0,0.5715190920583629,30,0,16,0.9333333333333333,0.0031034530831958403,496.4,3.0,1,6156.75,6099.75,0.9902
DiveRaPKviyDnQyiiMFdV4rujsCBJzMNvPjKfvGNLGvL,1,2,1,-0.0,15,0.0,0.0,0.5715190920583629,28,0,15,0.9333333333333333,0.0031034530831958403,496.4,3.0,1,6156.75,6099.75,0.9902
DtY5Bzxd75iWQRvKwM2xLUxqwLT1RRoeNwmVvgS2JANA,2,4,1,-0.0,15,0.0,0.0,0.5715190920583629,56,0,30,0.9333333333333333,0.0031034530831958403,496.4,3.0,1,6156.75,6099.75,0.9902
DupN8puwoPdFo9EYm8AXemEn9cMsore1QmZzfPaxyUG4,1,2,1,-0.0,14,0.0,0.0,0.5631653484489122,30,0,16,0.9333333333333333,0.0031034530831958403,496.4,2.8,1,6156.75,6099.75,0.9902
E4xNK4UwGnMtkdiUPyx13i6NkFDdW9Gw9NFGY93wEdGZ,1,2,1,-0.0,14,0.0,0.0,0.5665543385607003,30,0,16,0.9333333333333333,0.0031034530831958403,496.4,2.8,1,6156.75,6099.75,0.9902
E99w1XfS4UNM1xUKXWEuDmj8Mduy7u65jm2NCULTspSV,1,2,1,-0.0,14,0.0,0.0,0.5631653484489122,26,0,16,0.9333333333333333,0.0031034530831958403,496.4,2.8,1,6156.75,6099.75,0.9902
EATpCzQNs8BzZh1mx1hXMAJm3o1MLXakTXr4UEmcsY7f,1,2,1,-0.0,14,0.0,0.0,0.5665543385607003,30,0,16,0.9333333333333333,0.0031034530831958403,496.4,2.8,1,6156.75,6099.75,0.9902
EAW9vxqogvdPNapq7QTDpiVTHK6o7begUhPVnf854VTc,1,2,1,-0.0,14,0.0,0.0,0.5631653484489122,26,0,15,0.9333333333333333,0.0031034530831958403,496.4,2.8,1,6156.75,6099.75,0.9902
EBk678aQvc3cUkfGyoehfw21JQfJXjmWuBeopYc89RSV,1,2,1,-0.0,13,0.0,0.0,0.5571760951737792,28,0,15,0.9333333333333333,0.0031034530831958403,496.4,2.6,1,6156.75,6099.75,0.9902
ECNnK4VjcKTsABiw8FAp3JCE6tCmYyrEJthYVyMazmxi,1,2,1,-0.0,14,0.0,0.0,0.5631653484489122,28,0,15,0.9333333333333333,0.0031034530831958403,496.4,2.8,1,6156.75,6099.75,0.9902
ECZx4Dfyn2o55KTYbM9r3Dt4VZRcrdfdrst7sUbWgrdU,1,2,1,-0.0,15,0.0,0.0,0.5715190920583629,28,0,15,0.9333333333333333,0.0031034530831958403,496.4,3.0,1,6156.75,6099.75,0.9902
ELE1xBTfmHB7vuhSH94q23r6j3tuvTXYTqgm1u4uzMLk,1,2,1,-0.0,14,0.0,0.0,0.5665543385607003,28,0,15,0.9333333333333333,0.0031034530831958403,496.4,2.8,1,6156.75,6099.75,0.9902
EQhTjikb1L2jvxsCaSW2o2TuRXh4Do6HzBEWCxpeM44W,2,4,1,-0.0,15,0.0,1.0,0.5715190920583629,58,0,31,0.9333333333333333,0.0031034530831958403,496.4,3.0,1,6156.75,6099.75,0.9902
ES1M3tMZ4rMTJ3apE75cHfeGWizDTrMMXy2zKtWkd38R,1,2,1,-0.0,14,0.0,0.0,0.5665543385607003,28,0,15,0.9333333333333333,0.0031034530831958403,496.4,2.8,1,6156.75,6099.75,0.9902
ETcW7iuVraMKLMJayNCCsr9bLvKrJPDczy1CMVMPmXTc,1,2,1,-0.0,14,0.0,0.0,0.5665543385607003,30,0,16,0.9333333333333333,0.0031034530831958403,496.4,2.8,1,6156.75,6099.75,0.9902
ETuPS3kRfLufz5VSYN2ZrePoEVSZSpgVPKz3MUZpYe3x,1,2,1,-0.0,15,0.0,0.0,0.5715190920583629,28,0,15,0.9333333333333333,0.0031034530831958403,496.4,3.0,1,6156.75,6099.75,0.9902
EUDis6LJeJzDHTEBgfHGQyjHp63XZkGkx4E69xunC2Ej,1,2,1,-0.0,15,0.0,0.0,0.5715190920583629,28,0,15,0.9333333333333333,0.0031034530831958403,496.4,3.0,1,6156.75,6099.75,0.9902
EUcJwf7jXskRE6NZBtFPVH2EedNvNYko8LL2WT62XctB,1,2,1,-0.0,15,0.0,0.0,0.5715190920583629,28,0,15,0.9333333333333333,0.0031034530831958403,496.4,3.0,1,6156.75,6099.75,0.9902
EWARp8Syq8cTWGWHtP5LT9fKAn5GvXfSCH8LfAwpgQ6m,1,2,1,-0.0,14,0.0,0.0,0.5665543385607003,30,0,16,0.9333333333333333,0.0031034530831958403,496.4,2.8,1,6156.75,6099.75,0.9902
EZHZcXFpiiooHDJymKPro6gSVBqz6JfRwDAnSHUwkXRV,1,2,1,-0.0,14,0.0,0.0,0.5785796953519811,26,0,15,0.9333333333333333,0.0031034530831958403,496.4,2.8,1,6156.75,6099.75,0.9902
EbiVZXqkj7RmWn98i3oPWcMpB2Z7VjmKV3djzc8q1tma,1,9,1,-0.0,4,0.0,0.0,0.5659951647604234,27,0,4,0.9333333333333333,0.0031034530831958403,496.4,1.3333333333333333,478,6156.75,6099.75,0.9902
Ed9WjPnZfAXsPttcqxMwj94qsuXVRyBsyXnDkxFva2Zv,1,2,1,-0.0,14,0.0,0.0,0.5665543385607003,28,0,15,0.9333333333333333,0.0031034530831958403,496.4,2.8,1,6156.75,6099.75,0.9902
EdFUcP2f6j9iBg5BqsgJn3WDr1JieiKCo41hZ5Zrsk6w,4,8,1,-0.0,14,0.0,14.0,0.5631653484489122,104,0,60,0.9333333333333333,0.0031034530831958403,496.4,2.8,1,6156.75,6099.75,0.9902
EdGevanA2MZsDpxDXK6b36FH7RCcTuDZZRcc6MEyE9hy,1,2,1,-0.0,13,0.0,0.0,0.5694431828614179,26,0,15,0.9333333333333333,0.0031034530831958403,496.4,2.6,1,6156.75,6099.75,0.9902
EfPYQ4BUMiKa6736qqrtnCBGkUSRDGSr1WvtyUgWHuyp,2,4,1,-0.0,16,0.0,0.0,0.587083008849862,56,0,30,0.9333333333333333,0.0031034530831958403,496.4,3.2,1,6156.75,6099.75,0.9902
EtoMApqP2h1vVm9XLTTp5HERNezm5btkqrdAGQ9fZRnp,1,2,1,-0.0,15,0.0,0.0,0.5715190920583629,28,0,15,0.9333333333333333,0.0031034530831958403,496.4,3.0,1,6156.75,6099.75,0.9902
EvnRmnMrd69kFdbLMxWkTn1icZ7DCceRhvmb2SJXqDo4,2,4,1,-0.0,16,0.0,0.0,0.587083008849862,60,0,32,0.9333333333333333,0.0031034530831958403,496.4,3.2,1,6156.75,6099.75,0.9902
Ex1AxFCipXGfSxgvXPPT3nPQUARddCduHwKR6jHiXAaT,1,2,1,-0.0,15,0.0,0.0,0.5715190920583629,28,0,15,0.9333333333333333,0.0031034530831958403,496.4,3.0,1,6156.75,6099.75,0.9902
ExCHWgfeJyKRzpfryiQn4W6aYaWhbSAEnsoUnBGNqjWD,1,2,1,-0.0,14,0.0,0.0,0.5631653484489122,26,0,15,0.9333333333333333,0.0031034530831958403,496.4,2.8,1,6156.75,6099.75,0.9902
Ey3DkEVbfBxfWmkTsG7Hqj7jshYf5Zx9H8462Zjjkykf,1,2,1,-0.0,15,0.0,0.0,0.5715190920583629,28,0,15,0.9333333333333333,0.0031034530831958403,496.4,3.0,1,6156.75,6099.75,0.9902
EydLxzdWfD434DDxZYXkTcajvK5VKH7p6CofEDCRUkJ4,1,2,1,-0.0,15,0.0,0.0,0.5715190920583629,28,0,15,0.9333333333333333,0.0031034530831958403,496.4,3.0,1,6156.75,6099.75,0.9902
F3tdN8SoakjEPb743VY18YyKJWYHo6rojV3nkas5YJh8,1,2,1,-0.0,15,0.0,0.0,0.5715190920583629,28,0,15,0.9333333333333333,0.0031034530831958403,496.4,3.0,1,6156.75,6099.75,0.9902
F9VBRW8Rx9wcEaSbHJC9LrttqC4fkbPr728HvFPf1dFZ,1,3,1,-0.0,7,0.0,0.0,0.6157936117519355,24,0,12,0.9333333333333333,0.0031034530831958403,496.4,1.75,1,6156.75,6099.75,0.9902
FBbqKvwLfKGZrKrfSbPJz4ymQ7zMarhRyZtu1RBkSe89,1,2,1,-0.0,16,0.0,0.0,0.587083008849862,30,0,16,0.9333333333333333,0.0031034530831958403,496.4,3.2,1,6156.75,6099.75,0.9902
FCWkGAHDWK41ANjiaoPudkCZRkvTecaEkoZQugezUnpr,1,2,1,-0.0,15,0.0,0.0,0.5715190920583629,28,0,15,0.9333333333333333,0.0031034530831958403,496.4,3.0,1,6156.75,6099.75,0.9902
FFevTkywysWf8PJvH4DZkEp4v9ks9HJPJhZWbhhJiYnr,1,2,1,-0.0,13,0.0,0.0,0.5571760951737792,28,0,15,0.9333333333333333,0.0031034530831958403,496.4,2.6,1,6156.75,6099.75,0.9902
FNKgX9dYUhYQFRTM9bkeKoRpsyEtZGNMxbdQLDzfqB8a,1,2,1,-0.0,15,0.0,0.0,0.5715190920583629,30,0,16,0.9333333333333333,0.0031034530831958403,496.4,3.0,1,6156.75,6099.75,0.9902
FSVdqBzx5D4UsqBLnvmH5dFx2dCm1pTPAbQWJ1PYzTJ2,1,2,1,-0.0,14,0.0,0.0,0.5665543385607003,28,0,15,0.9333333333333333,0.0031034530831958403,496.4,2.8,1,6156.75,6099.75,0.9902
FSyAsxcE7g8pSSEu5nx7Hkz44rMZiYio5Wz8Lszh3Nbi,2,4,1,-0.0,16,0.0,0.0,0.587083008849862,56,0,30,0.9333333333333333,0.0031034530831958403,496.4,3.2,1,6156.75,6099.75,0.9902
FZ4MT1HYJHd9GK8D5mJ9f3r7irLaDL5NxBNLjGqrLqs9,3,6,1,-0.0,15,0.0,15.0,0.5715190920583629,84,0,45,0.9333333333333333,0.0031034530831958403,496.4,3.0,1,6156.75,6099.75,0.9902
Fb77sbwgXmtjmkjkaoSckGp5yg3nqdtD8zf1dyxxiCSf,1,2,1,-0.0,15,0.0,0.0,0.5715190920583629,28,0,15,0.9333333333333333,0.0031034530831958403,496.4,3.0,1,6156.75,6099.75,0.9902
Fc6NNdS2j3EmrWbU6Uqt6wsKB5ef72NjaWfNxKYbULGD,1,2,1,-0.0,13,0.0,0.0,0.5571760951737792,26,0,15,0.9333333333333333,0.0031034530831958403,496.4,2.6,1,6156.75,6099.75,0.9902
Fd7btgySsrjuo25CJCj7oE7VPMyezDhnx7pZkj2v69Nk,1,2,1,-0.0,15,0.0,0.0,0.5846846399456275,30,0,16,0.9333333333333333,0.0031034530831958403,496.4,3.0,1,6156.75,6099.75,0.9902
FdH9QEQBxPQfaF2JpcjgdfcMnDb7rjZkCDRCWLRjTQwj,1,2,1,-0.0,14,0.0,0.0,0.5665543385607003,28,0,15,0.9333333333333333,0.0031034530831958403,496.4,2.8,1,6156.75,6099.75,0.9902
FhNcsWN3NtEXatUHm1KKKXqnsKkMVmgcrEiiQdeYMipr,1,11,1,-0.0,2,0.0,2.0,0.6106591530901193,20,0,10,0.9333333333333333,0.0031034530831958403,496.4,1.0,485,6156.75,6099.75,0.9902
FoigPJ6kL6Gth5Er6t9d1Nkh96Skadqw63Ciyjxc1f8H,1,2,1,-0.0,15,0.0,0.0,0.5715190920583629,28,0,15,0.9333333333333333,0.0031034530831958403,496.4,3.0,1,6156.75,6099.75,0.9902
Frog1Fks1AVN8ywFH3HTFeYojq6LQqoEPzgQFx2Kz5Ch,1,2,1,-0.0,15,0.0,0.0,0.5846846399456275,28,0,15,0.9333333333333333,0.0031034530831958403,496.4,3.0,1,6156.75,6099.75,0.9902
Fudp7uPDYNYQRxoq1Q4JiwJnzyxhVz37bGqRki3PBzS,2,4,1,-0.0,14,0.0,1.0,0.5631653484489122,56,0,30,0.9333333333333333,0.0031034530831958403,496.4,2.8,1,6156.75,6099.75,0.9902
FugJZepeGfh1Ruunhep19JC4F3Hr2FL3oKUMezoK8ajp,1,2,1,-0.0,15,0.0,0.0,0.5715190920583629,30,0,16,0.9333333333333333,0.0031034530831958403,496.4,3.0,1,6156.75,6099.75,0.9902
FyLVPAKkgdAy8Gn9jnFYN5yjC1ubQWRkw2EHt2UnC8uA,1,2,1,-0.0,15,0.0,0.0,0.5715190920583629,28,0,15,0.9333333333333333,0.0031034530831958403,496.4,3.0,1,6156.75,6099.75,0.9902
G1bLKfyNm7zsmmYEL9dyxBvMtxpFcwy2s84bHDj2ZFUY,3,6,1,-0.0,15,0.0,14.0,0.5715190920583629,84,0,45,0.9333333333333333,0.0031034530831958403,496.4,3.0,1,6156.75,6099.75,0.9902
G3a3iYZKNLbivothF3twqcaTCEvoPb9uJ2bFc9DNKkBQ,1,2,1,-0.0,15,0.0,0.0,0.5846846399456275,28,0,15,0.9333333333333333,0.0031034530831958403,496.4,3.0,1,6156.75,6099.75,0.9902
G4GT8z4AKWNoy3x6nuzxW83UfFXLXzrwn7DZQt4GvWdU,1,2,1,-0.0,14,0.0,0.0,0.5665543385607003,30,0,16,0.9333333333333333,0.0031034530831958403,496.4,2.8,1,6156.75,6099.75,0.9902
GDH3M3nYHXsrkoZJrv74GBnSQXJvPwQVeNh4y8kDstak,1,10,1,-0.0,1,1.0,0.0,0.8205417607223476,16,0,1,0.9333333333333333,0.0031034530831958403,496.4,1.0,488,6156.75,6099.75,0.9902
GFXVa19rX6iwfs3sLS5UvX9Exu2usRsG4V5MRMDRo23V,1,2,1,-0.0,12,0.0,1.0,0.5751475289455025,30,0,16,0.9333333333333333,0.0031034530831958403,496.4,2.4,1,6156.75,6099.75,0.9902
GHeoPQitvVKSVisuRpfAdW3vmB6Bi3cVE86CWbDqT2Z5,1,1,1,-0.0,5,0.0,0.0,0.6595927108063284,10,0,5,0.9333333333333333,0.0031034530831958403,496.4,1.25,1,6156.75,6099.75,0.9902
GK2YYwmQk58xA2k2SeugY3i334SJVViqTT8sT5wim3Dk,1,2,1,-0.0,15,0.0,0.0,0.5715190920583629,28,0,15,0.9333333333333333,0.0031034530831958403,496.4,3.0,1,6156.75,6099.75,0.9902
GLAMiBuunBioazKwNbkGnWP6BM2sfVjehr4goPPGBFAC,1,2,1,-0.0,13,0.0,0.0,0.5737761610693919,28,0,15,0.9333333333333333,0.0031034530831958403,496.4,2.6,1,6156.75,6099.75,0.9902
GQiWnDYrzHMALWG9avt5FCu1wisAQHjGY5ve7GMBiPEe,1,2,1,-0.0,14,0.0,0.0,0.5631653484489122,28,0,15,0.9333333333333333,0.0031034530831958403,496.4,2.8,1,6156.75,6099.75,0.9902
GREEDkgav1ox1jYyd9Anv6exLqKV2vYnxMw5prGwmNKc,2,4,1,-0.0,16,0.0,0.0,0.587083008849862,60,0,32,0.9333333333333333,0.0031034530831958403,496.4,3.2,1,6156.75,6099.75,0.9902
GWJyUxzcVwRRtpLuLiu1mpiUQsZ4onYFAYfCjQnuLmz5,1,2,1,-0.0,15,0.0,0.0,0.5715190920583629,28,0,15,0.9333333333333333,0.0031034530831958403,496.4,3.0,1,6156.75,6099.75,0.9902
GYx8kpp7SsRwtQEEsGQjAxb4hFMMmT91kFJuDeky3YGQ,1,2,1,-0.0,14,0.0,0.0,0.5631653484489122,26,0,15,0.9333333333333333,0.0031034530831958403,496.4,2.8,1,6156.75,6099.75,0.9902
Gd33fENP1XsBimff41s1EWrs2kmqfGQqEJ5CQPQB3Jwy,2,4,1,-0.0,14,0.0,1.0,0.5665543385607003,56,0,30,0.9333333333333333,0.0031034530831958403,496.4,2.8,1,6156.75,6099.75,0.9902
GiYSnFRrXrmkJMC54A1j3K4xT6ZMfx1NSThEe5X2WpDe,1,2,1,-0.0,13,0.0,0.0,0.5571760951737792,30,0,16,0.9333333333333333,0.0031034530831958403,496.4,2.6,1,6156.75,6099.75,0.9902
GmCxjmjKZoaKN1DKunbYq8RCYib94Nm3sHyncFfofaF5,1,2,1,-0.0,15,0.0,0.0,0.5715190920583629,30,0,16,0.9333333333333333,0.0031034530831958403,496.4,3.0,1,6156.75,6099.75,0.9902
GvfaiJUhNCRZGVGumsEF1eHDb8JpAeFAyHSrTifyhrbt,1,2,1,-0.0,13,0.0,0.0,0.5650240592355926,26,0,15,0.9333333333333333,0.0031034530831958403,496.4,2.6,1,6156.75,6099.75,0.9902
GwHH8ciFhR8vejWCqmg8FWZUCNtubPY2esALvy5tBvji,1,2,1,-0.0,15,0.0,0.0,0.5715190920583629,30,0,16,0.9333333333333333,0.0031034530831958403,496.4,3.0,1,6156.75,6099.75,0.9902
H8fHToVcZPi5bupGZohGPX2SWs8NHzgFKQ31wi5n6oux,1,2,1,-0.0,15,0.0,0.0,0.5846846399456275,28,0,15,0.9333333333333333,0.0031034530831958403,496.4,3.0,1,6156.75,6099.75,0.9902
H9ENbtmy2tWFtAJNmpC8xQtbcr1NTp4FXLdphRaG8L2T,1,2,1,-0.0,15,0.0,0.0,0.5846846399456275,28,0,15,0.9333333333333333,0.0031034530831958403,496.4,3.0,1,6156.75,6099.75,0.9902
H9METtoxNp2PhcDNxXwqpzBarJw9zJezhzdDEFgBqv8w,1,2,1,-0.0,15,0.0,0.0,0.5715190920583629,28,0,15,0.9333333333333333,0.0031034530831958403,496.4,3.0,1,6156.75,6099.75,0.9902
HFTcVVrX93SJwYHAiiHAssb3c4zXqSsF4mNjg5arGPEj,1,2,1,-0.0,15,0.0,0.0,0.5715190920583629,28,0,15,0.9333333333333333,0.0031034530831958403,496.4,3.0,1,6156.75,6099.75,0.9902
HH5dA42XF1HxNk1TRpG6LuKfLViMYNdAz5iWrFM4hWFi,1,2,1,-0.0,15,0.0,0.0,0.5715190920583629,28,0,15,0.9333333333333333,0.0031034530831958403,496.4,3.0,1,6156.75,6099.75,0.9902
HKkbkbadW4XyK9mNadu3ezH7ugG9SCQ44Uzy9A1HKQyr,1,9,1,-0.0,2,0.0,0.0,0.5829771692661269,18,0,2,0.9333333333333333,0.0031034530831958403,496.4,1.0,488,6156.75,6099.75,0.9902
HLXxkmjb47spcmbbKi3UCfZ2qmFY29t8MN562AEmh2Qh,1,2,1,-0.0,15,0.0,0.0,0.5715190920583629,30,0,16,0.9333333333333333,0.0031034530831958403,496.4,3.0,1,6156.75,6099.75,0.9902
HLnodbYkL5PFA8hjAZDkm5pGzV7eLTvcs671AW2L6St9,1,2,1,-0.0,14,0.0,0.0,0.5665543385607003,30,0,16,0.9333333333333333,0.0031034530831958403,496.4,2.8,1,6156.75,6099.75,0.9902
HM1KjNaXa4w8K4gCXbieoMh5gUTNeUhg9fvdXMKeBW3L,3,6,1,-0.0,15,0.0,14.0,0.5715190920583629,86,0,46,0.9333333333333333,0.0031034530831958403,496.4,3.0,1,6156.75,6099.75,0.9902
HMWXfjaeSHhww1wvdBhqhHVP9v96mFB4LJ9xP2MXbDGH,1,2,1,-0.0,15,0.0,0.0,0.5715190920583629,28,0,15,0.9333333333333333,0.0031034530831958403,496.4,3.0,1,6156.75,6099.75,0.9902
HT41udB8mLZZf7tev9tUoHYJ41TP8GWZ6zFMbjiviXk5,1,2,1,-0.0,16,0.0,0.0,0.587083008849862,30,0,16,0.9333333333333333,0.0031034530831958403,496.4,3.2,1,6156.75,6099.75,0.9902
HVXXmNKkmDZbZwj74iL2Y9Wu4SyrchBoxAfFYVAktLrG,1,2,1,-0.0,14,0.0,0.0,0.5631653484489122,28,0,15,0.9333333333333333,0.0031034530831958403,496.4,2.8,1,6156.75,6099.75,0.9902
HW4zorvt6xDwhU36RqjcWNwU8YMj9tiqnAafBKW4cqV,1,2,1,-0.0,14,0.0,0.0,0.5665543385607003,28,0,15,0.9333333333333333,0.0031034530831958403,496.4,2.8,1,6156.75,6099.75,0.9902
HWMLtrNbiTQH5iE9BQbG8QksRyPHP7zmgRR8gyY55UQy,1,13,1,-0.0,1,1.0,1.0,0.4758883248730964,18,0,3,0.9333333333333333,0.0031034530831958403,496.4,1.0,480,6156.75,6099.75,0.9902
Ha1iade1AH3B12K9SccfWoPdFtQKKQsj2ZyWwxcjqJJU,1,2,1,-0.0,14,0.0,0.0,0.5631653484489122,26,0,16,0.9333333333333333,0.0031034530831958403,496.4,2.8,1,6156.75,6099.75,0.9902
HbidP4hpQdwhkzrxder3x3VNPt6DQnE25gFG46napD2p,1,2,1,-0.0,15,0.0,0.0,0.5846846399456275,30,0,16,0.9333333333333333,0.0031034530831958403,496.4,3.0,1,6156.75,6099.75,0.9902
HcZvwZ83PfjrQDiq3GLHxisTs17aGURs6bJ2LwtmL4qv,1,2,1,-0.0,15,0.0,0.0,0.5715190920583629,28,0,15,0.9333333333333333,0.0031034530831958403,496.4,3.0,1,6156.75,6099.75,0.9902
Hj2jzpAp57KyM3SmnYwJbDVrQ8tTWizMon2hhzYzwxet,1,2,1,-0.0,15,0.0,0.0,0.5715190920583629,28,0,15,0.9333333333333333,0.0031034530831958403,496.4,3.0,1,6156.75,6099.75,0.9902
HkeGtr3nqfrm76gXiXij8KsyE6b9HK2vGFNJFEvBYESB,2700,18197,937,6.44912693943164,16,4839.0,16.0,0.587083008849862,238819,0,16266,0.9333333333333333,0.0031034530831958403,496.4,3.2,1,6156.75,6099.75,0.9902
HnwMGBAw5PxaX56eSYc969MorEy2NzEMPLkmBkdnJmeq,2,4,1,-0.0,15,0.0,2.0,0.5834868333714768,60,0,32,0.9333333333333333,0.0031034530831958403,496.4,3.0,1,6156.75,6099.75,0.9902
HpcB5Qg8Y9E73dUkot5e8HkgAJbExsYeUzniY4bCuKac,7,14,1,-0.0,16,0.0,15.0,0.587083008849862,206,0,110,0.9333333333333333,0.0031034530831958403,496.4,3.2,1,6156.75,6099.75,0.9902
HrpWeJSYnQVtZe3BKxFCBrAEr8GRCmYUbQev4hoGDBs6,1,2,1,-0.0,14,0.0,0.0,0.5631653484489122,28,0,15,0.9333333333333333,0.0031034530831958403,496.4,2.8,1,6156.75,6099.75,0.9902
Hu7pi2Xg5Kav8vSAUUr5CCZaEmMCzT6FgCTpueu3oBtW,1,2,1,-0.0,13,0.0,0.0,0.5650240592355926,26,0,15,0.9333333333333333,0.0031034530831958403,496.4,2.6,1,6156.75,6099.75,0.9902
HyperSPG8w4jgdHgmA8ExrhRL1L1BriRTHD9UFdXJUud,1,2,1,-0.0,13,0.0,0.0,0.5571760951737792,26,0,15,0.9333333333333333,0.0031034530831958403,496.4,2.6,1,6156.75,6099.75,0.9902
HzF7Kov41YJvKNkVEepUByEP5NKG45NJTc63JUDxT7tE,1,2,1,-0.0,13,0.0,0.0,0.5571760951737792,28,0,15,0.9333333333333333,0.0031034530831958403,496.4,2.6,1,6156.75,6099.75,0.9902
HzrEstnLfzsijhaD6z5frkSE2vWZEH5EUfn3bU9swo1f,1,2,1,-0.0,15,0.0,0.0,0.5846846399456275,28,0,15,0.9333333333333333,0.0031034530831958403,496.4,3.0,1,6156.75,6099.75,0.9902
JC7bH7HSZoDhwggBXtRF31cVt71WiizY2J6YDDQfG5er,2,4,1,-0.0,16,0.0,0.0,0.587083008849862,56,0,30,0.9333333333333333,0.0031034530831958403,496.4,3.2,1,6156.75,6099.75,0.9902
JD549HsbJHeEKKUrKgg4Fj2iyv2RGjsV7NTZjZUrHybB,1,2,1,-0.0,15,0.0,0.0,0.5846846399456275,28,0,15,0.9333333333333333,0.0031034530831958403,496.4,3.0,1,6156.75,6099.75,0.9902
KAW1LjxH73tRBd1XsaqsRsgeERFkg4WpdXUSqR4QjkW,2,4,1,-0.0,16,0.0,2.0,0.587083008849862,56,0,30,0.9333333333333333,0.0031034530831958403,496.4,3.2,1,6156.75,6099.75,0.9902
KAoSp3EudGqUBXv46tQoDwbZxSm3iXa9wM2aF4ySbJJ,3,6,1,-0.0,15,0.0,12.0,0.5803237759338079,86,0,46,0.9333333333333333,0.0031034530831958403,496.4,3.0,1,6156.75,6099.75,0.9902
KoLibrJsbABbtmtFPc7nPvDxT81rc4UPM7mY9xSLjpo,1,2,1,-0.0,15,0.0,0.0,0.5715190920583629,28,0,15,0.9333333333333333,0.0031034530831958403,496.4,3.0,1,6156.75,6099.75,0.9902
LA1NEzryoih6CQW3gwQqJQffK2mKgnXcjSQZSRpM3wc,1,2,1,-0.0,15,0.0,0.0,0.5715190920583629,30,0,16,0.9333333333333333,0.0031034530831958403,496.4,3.0,1,6156.75,6099.75,0.9902
LFGGGJtnBLvq78DyMz1gTeedM6f8owck76qHThDABBC,1,2,1,-0.0,15,0.0,0.0,0.5715190920583629,28,0,15,0.9333333333333333,0.0031034530831958403,496.4,3.0,1,6156.75,6099.75,0.9902
LTP1bMnfq1Z6UctyDXYHo9qcUJ6ReXm9cG2VwQcsHBt,1,2,1,-0.0,15,0.0,0.0,0.5715190920583629,28,0,15,0.9333333333333333,0.0031034530831958403,496.4,3.0,1,6156.75,6099.75,0.9902
Lake8NXDThihebhxS3Js7mFnj9fthmus93zEdsFNrsL,1,2,1,-0.0,14,0.0,0.0,0.5665543385607003,28,0,15,0.9333333333333333,0.0031034530831958403,496.4,2.8,1,6156.75,6099.75,0.9902
LiFiDJwJjW98MB8wxcnXpafKYsuz1hwpUkuszkERiX6,1,2,1,-0.0,13,0.0,0.0,0.5571760951737792,28,0,15,0.9333333333333333,0.0031034530831958403,496.4,2.6,1,6156.75,6099.75,0.9902
LodeuWMHPiPj2PUHUyca2bkpFv9HyzR3gaDBmGJ9TSS,1,2,1,-0.0,15,0.0,0.0,0.5715190920583629,30,0,16,0.9333333333333333,0.0031034530831958403,496.4,3.0,1,6156.75,6099.75,0.9902
Lua1fxRRHCnjVAYdfGyv2GbUsRHGM2DN2wgpWuF2WSb,1,2,1,-0.0,13,0.0,0.0,0.5737761610693919,30,0,16,0.9333333333333333,0.0031034530831958403,496.4,2.6,1,6156.75,6099.75,0.9902
LunaowJnt875WWoqDkhHhE93SNYHa6tfFNVn1rqc57c,2,4,1,-0.0,15,0.0,1.0,0.5715190920583629,60,0,32,0.9333333333333333,0.0031034530831958403,496.4,3.0,1,6156.75,6099.75,0.9902
MARiKM3t7pDCyXtvLq24ErWDAvYu84yXqCthkR1GS33,1,2,1,-0.0,15,0.0,0.0,0.5715190920583629,30,0,16,0.9333333333333333,0.0031034530831958403,496.4,3.0,1,6156.75,6099.75,0.9902
MBVyz9s72WSfUmbr1S8fgHjDJQkPs1Q4Wxi6A2Mees9,1,2,1,-0.0,15,0.0,0.0,0.5715190920583629,28,0,15,0.9333333333333333,0.0031034530831958403,496.4,3.0,1,6156.75,6099.75,0.9902
MFLKSo4XDfrBf4FByx76zYM2dXSWcigag7ec2bCHTR4,2,4,1,-0.0,14,0.0,2.0,0.5832753236275038,52,0,30,0.9333333333333333,0.0031034530831958403,496.4,2.8,1,6156.75,6099.75,0.9902
MRGSoA53J7i4WidVHTxawPyKdr26LdVYCywnrUZ6auT,2,4,1,-0.0,15,0.0,2.0,0.5715190920583629,56,0,30,0.9333333333333333,0.0031034530831958403,496.4,3.0,1,6156.75,6099.75,0.9902
MicoB9cA9R6jsicdhzWFjwd9HMkV8FA4o3WxYU6Z2yz,1,2,1,-0.0,13,0.0,0.0,0.5571760951737792,28,0,15,0.9333333333333333,0.0031034530831958403,496.4,2.6,1,6156.75,6099.75,0.9902
MutT1jxCXbRWJXpXoJK259gLrNfzDezdxS3BSkQAmv1,2,4,1,-0.0,16,0.0,0.0,0.587083008849862,56,0,30,0.9333333333333333,0.0031034530831958403,496.4,3.2,1,6156.75,6099.75,0.9902
Mwz8VgAEnPtfqS62r3ixrFiMJwnNfEwR141CGnsTo5k,1,2,1,-0.0,15,0.0,0.0,0.5715190920583629,28,0,15,0.9333333333333333,0.0031034530831958403,496.4,3.0,1,6156.75,6099.75,0.9902
N43JWBg42ZoUFMkHsRUVbP7wGVdxaHKanqaF9BBNiFC,1,2,1,-0.0,15,0.0,0.0,0.5715190920583629,28,0,15,0.9333333333333333,0.0031034530831958403,496.4,3.0,1,6156.75,6099.75,0.9902
NATsUSZGohWw8xtLdxG4yus21UCkaes4FLfM2eqKbRk,1,2,1,-0.0,14,0.0,0.0,0.5631653484489122,26,0,15,0.9333333333333333,0.0031034530831958403,496.4,2.8,1,6156.75,6099.75,0.9902
NdMV1C3XMCRqSBwBtNmoUNnKctYh95Ug4xb6FSTcAWr,1,2,1,-0.0,15,0.0,0.0,0.5715190920583629,28,0,15,0.9333333333333333,0.0031034530831958403,496.4,3.0,1,6156.75,6099.75,0.9902
Ninja1spj6n9t5hVYgF3PdnYz2PLnkt7rvaw3firmjs,1,2,1,-0.0,13,0.0,0.0,0.5571760951737792,28,0,15,0.9333333333333333,0.0031034530831958403,496.4,2.6,1,6156.75,6099.75,0.9902
NordEHiwa6wT5TCjdeWJzpsA7DSmWQPqfSS7m2b6cv3,1,2,1,-0.0,14,0.0,0.0,0.5665543385607003,30,0,16,0.9333333333333333,0.0031034530831958403,496.4,2.8,1,6156.75,6099.75,0.9902
PAD9aPiKJGcbGxuVLbc8o4Vf65GPq3fJQ7PkHWuX6a8,1,2,1,-0.0,15,0.0,0.0,0.5715190920583629,28,0,15,0.9333333333333333,0.0031034530831958403,496.4,3.0,1,6156.75,6099.75,0.9902
PAWsME7oYbjt5TRNc11mBa33JhKnQr9AYherdr9YAZ6,1,2,1,-0.0,15,0.0,0.0,0.5715190920583629,28,0,15,0.9333333333333333,0.0031034530831958403,496.4,3.0,1,6156.75,6099.75,0.9902
PKdLMugp1Mf88Ji1GkdqRDBewaUh2cqg79CBEo6eJoQ,1,2,1,-0.0,15,0.0,0.0,0.5715190920583629,28,0,15,0.9333333333333333,0.0031034530831958403,496.4,3.0,1,6156.75,6099.75,0.9902
PRGNnb8DxVcP2WjSHfVRGgc8SkA5u6dbMwoTVV1BGKN,1,2,1,-0.0,14,0.0,0.0,0.5713983493695842,26,0,15,0.9333333333333333,0.0031034530831958403,496.4,2.8,1,6156.75,6099.75,0.9902
PoN1E3VyqwqoGQEhC8ExpkRKTuyhxtGLnHHH3DwbgTU,4,8,1,-0.0,16,0.0,15.0,0.587083008849862,114,0,61,0.9333333333333333,0.0031034530831958403,496.4,3.2,1,6156.75,6099.75,0.9902
PuRposE4utktenW49N8DCtVzdVEwYrmsrroboEUram4,1,2,1,-0.0,14,0.0,0.0,0.5665543385607003,30,0,16,0.9333333333333333,0.0031034530831958403,496.4,2.8,1,6156.75,6099.75,0.9902
R2D2imoV8nXk1ngT9v4dEK65We4uLNyUarTBdWbFruq,1,2,1,-0.0,14,0.0,0.0,0.5631653484489122,28,0,15,0.9333333333333333,0.0031034530831958403,496.4,2.8,1,6156.75,6099.75,0.9902
REA1zKzM5WjDEcpB27Zx2Rk16foNPtLGTETy93LLgNw,1,2,1,-0.0,13,0.0,0.0,0.5571760951737792,28,0,15,0.9333333333333333,0.0031034530831958403,496.4,2.6,1,6156.75,6099.75,0.9902
RFLCTDRBVZTEbXrCd92jnKghYeDJARb6ByK2JnPfQmH,1,2,1,-0.0,12,0.0,0.0,0.5448341241188491,26,0,14,0.9333333333333333,0.0031034530831958403,496.4,2.4,1,6156.75,6099.75,0.9902
RLMS1pv3YKi7CSUCKTNcFN5fFkXJc2SmCwPhbQpqZJo,1,2,1,-0.0,13,0.0,0.0,0.5650240592355926,26,0,15,0.9333333333333333,0.0031034530831958403,496.4,2.6,1,6156.75,6099.75,0.9902
RNXnAJV1DeBt6Lytjz4wYzvS3d6bhsfidS5Np4ovwZz,1,2,1,-0.0,15,0.0,0.0,0.5715190920583629,30,0,16,0.9333333333333333,0.0031034530831958403,496.4,3.0,1,6156.75,6099.75,0.9902
SANDCxXBbQhvbUqNtiLqKdFEY1uQhVo1UgUACaS4mXU,1,2,1,-0.0,12,0.0,0.0,0.5448341241188491,28,0,15,0.9333333333333333,0.0031034530831958403,496.4,2.4,1,6156.75,6099.75,0.9902
SELEXm1aELCweknS2tsG6A4WivjVvgrTWn9doHNLj66,1,2,1,-0.0,14,0.0,0.0,0.5631653484489122,28,0,15,0.9333333333333333,0.0031034530831958403,496.4,2.8,1,6156.75,6099.75,0.9902
SENDa18d6LsC1f85AJXXMncBxQyFQKSJWZ1jaop5K87,1,2,1,-0.0,14,0.0,0.0,0.5631653484489122,30,0,16,0.9333333333333333,0.0031034530831958403,496.4,2.8,1,6156.75,6099.75,0.9902
SFundNVpuWk89g211WKUZGkuu4BsKSp7PbnmRsPZLos,1,2,1,-0.0,15,0.0,0.0,0.5715190920583629,28,0,15,0.9333333333333333,0.0031034530831958403,496.4,3.0,1,6156.75,6099.75,0.9902
SLAY6uN1zZpXBTfbuDDCesNmM5D288xrz8uYvfS3n41,1,2,1,-0.0,15,0.0,0.0,0.5715190920583629,30,0,16,0.9333333333333333,0.0031034530831958403,496.4,3.0,1,6156.75,6099.75,0.9902
SLNDCSGTEsA6KHpgR32MBt9UAurZnVSJGUtW2tRpdU2,1,2,1,-0.0,14,0.0,0.0,0.5631653484489122,28,0,15,0.9333333333333333,0.0031034530831958403,496.4,2.8,1,6156.75,6099.75,0.9902
SPHERExTW7GaMgS4RN6MbghYvXU2REfFWHgpxMH1P69,1,2,1,-0.0,12,0.0,0.0,0.5751475289455025,28,0,15,0.9333333333333333,0.0031034530831958403,496.4,2.4,1,6156.75,6099.75,0.9902
SQDS9iwyWvT2mQbSZzuNKGoxuBug5jRHouF6SuMRBkA,1,2,1,-0.0,14,0.0,0.0,0.5631653484489122,30,0,16,0.9333333333333333,0.0031034530831958403,496.4,2.8,1,6156.75,6099.75,0.9902
SSmBEooM7RkmyuXxuKgAhTvhQZ36Z3G2WsmLGJKoQLY,1,2,1,-0.0,15,0.0,0.0,0.5846846399456275,28,0,15,0.9333333333333333,0.0031034530831958403,496.4,3.0,1,6156.75,6099.75,0.9902
STPTshazcjH6cZMHzQBrggFSPHXYCTRGB7ctqS1AjkH,1,2,1,-0.0,13,0.0,0.0,0.5957486332839916,26,0,14,0.9333333333333333,0.0031034530831958403,496.4,2.6,1,6156.75,6099.75,0.9902
STaKesuXJH6UGRizuEVSWG1tyLu5ycKgWj3i1HUdvs5,1,2,1,-0.0,13,0.0,0.0,0.5571760951737792,28,0,15,0.9333333333333333,0.0031034530831958403,496.4,2.6,1,6156.75,6099.75,0.9902
SWiz7QwnYPm61pWWUUkMhj4r5pZLP1SvYibdHcB2cov,1,2,1,-0.0,15,0.0,0.0,0.5715190920583629,28,0,15,0.9333333333333333,0.0031034530831958403,496.4,3.0,1,6156.75,6099.75,0.9902
SaV6UWBaE8M3kwMBfAhQ6Tmvd2qdJRm94NTwLqtoyGd,1,2,1,-0.0,14,0.0,0.0,0.5832753236275038,26,0,15,0.9333333333333333,0.0031034530831958403,496.4,2.8,1,6156.75,6099.75,0.9902
Sh1ro1CaaVjNuihgNK6kay7jwcWzSqD2fdix6RNPaSh,2,4,1,-0.0,15,0.0,0.0,0.5715190920583629,56,0,30,0.9333333333333333,0.0031034530831958403,496.4,3.0,1,6156.75,6099.75,0.9902
SoLiDJGk4WkdinyLiRWjkFbgLUhjL3idGJK8H1rUWqH,3,6,1,-0.0,16,0.0,11.0,0.587083008849862,84,0,45,0.9333333333333333,0.0031034530831958403,496.4,3.2,1,6156.75,6099.75,0.9902
Spiky3mMSLHGhffuEhYR7ptMNZ8NddddwrTjki4VhWk,1,2,1,-0.0,14,0.0,0.0,0.5631653484489122,26,0,15,0.9333333333333333,0.0031034530831958403,496.4,2.8,1,6156.75,6099.75,0.9902
Stakex4B2tpDHPWGvV1dninfiaYCGdakgTknpzPitLh,1,2,1,-0.0,7,0.0,0.0,0.6035334338645868,14,0,7,0.9333333333333333,0.0031034530831958403,496.4,1.75,378,6156.75,6099.75,0.9902
SyndicAgdEphcy5xhAKZAomTYhcF8xhC7za2UD9xeug,1,2,1,-0.0,15,0.0,0.0,0.5715190920583629,28,0,15,0.9333333333333333,0.0031034530831958403,496.4,3.0,1,6156.75,6099.75,0.9902
THE1CosYJD9F1eBq53Fg4MZYZa5WrPUf2RQU5ZHnfEj,1,2,1,-0.0,15,0.0,0.0,0.5715190920583629,28,0,15,0.9333333333333333,0.0031034530831958403,496.4,3.0,1,6156.75,6099.75,0.9902
TopjgY7N1fJdnW89S9fX6t7LF61nspgXGL1NpgAKhDG,1,2,1,-0.0,13,0.0,0.0,0.5571760951737792,28,0,15,0.9333333333333333,0.0031034530831958403,496.4,2.6,1,6156.75,6099.75,0.9902
Tri1F8B6YtjkBztGCwBNSLEZib1EAqMUEUM7dTT7ZG3,1,2,1,-0.0,15,0.0,0.0,0.5715190920583629,28,0,15,0.9333333333333333,0.0031034530831958403,496.4,3.0,1,6156.75,6099.75,0.9902
TxtxXzLTDQ9W4ya3xgwyaqVa6Tky6Yqhi5BLpPCc9tZ,1,2,1,-0.0,15,0.0,0.0,0.5715190920583629,28,0,15,0.9333333333333333,0.0031034530831958403,496.4,3.0,1,6156.75,6099.75,0.9902
U82KEYMnuCiZSQbvuCJTZ652HX9NQ63uNSnxyucshrk,1,2,1,-0.0,15,0.0,0.0,0.5715190920583629,30,0,16,0.9333333333333333,0.0031034530831958403,496.4,3.0,1,6156.75,6099.75,0.9902
UMi1r5J3SagSu4HC3waB3YFzbXi82rRSScgW2e8NTfr,3,6,1,-0.0,16,0.0,12.0,0.587083008849862,90,0,48,0.9333333333333333,0.0031034530831958403,496.4,3.2,1,6156.75,6099.75,0.9902
UNrgBLmc8JT6A3dxXY9DWeHvDezt2DZQbhg1KPQfqEL,1,2,1,-0.0,13,0.0,0.0,0.5571760951737792,28,0,15,0.9333333333333333,0.0031034530831958403,496.4,2.6,1,6156.75,6099.75,0.9902
UPSCQNqdbiaqrQou9X9y8mr43ZHzvoNpKC26Mo7GubF,1,2,1,-0.0,15,0.0,0.0,0.5846846399456275,30,0,16,0.9333333333333333,0.0031034530831958403,496.4,3.0,1,6156.75,6099.75,0.9902
UZBmptMjMSQEPKm4WyUkJeAuvZSqTuNK3cQCKFqJcXT,1,2,1,-0.0,14,0.0,0.0,0.5665543385607003,28,0,15,0.9333333333333333,0.0031034530831958403,496.4,2.8,1,6156.75,6099.75,0.9902
VQwCCSfW3o5NDx7n5FBr9SoYiLXVgetstHvaWBvv2YH,2,4,1,-0.0,16,0.0,0.0,0.587083008849862,56,0,30,0.9333333333333333,0.0031034530831958403,496.4,3.2,1,6156.75,6099.75,0.9902
VicAQ3U2GjjAuF3tPCtEQZdZKnpAAxkr5Q3zjDKmdo7,1,2,1,-0.0,15,0.0,0.0,0.5715190920583629,30,0,16,0.9333333333333333,0.0031034530831958403,496.4,3.0,1,6156.75,6099.75,0.9902
WUNoB9YQXmXXRcJsjY1G8PfVag5aAfnyGmFd6YwJVwp,1,2,1,-0.0,15,0.0,0.0,0.5715190920583629,30,0,16,0.9333333333333333,0.0031034530831958403,496.4,3.0,1,6156.75,6099.75,0.9902
ZoD1XLMhxdMveAJL4x9oab4FhRKP5NThTnSCH19Tdjp,1,2,1,-0.0,15,0.0,0.0,0.5715190920583629,28,0,15,0.9333333333333333,0.0031034530831958403,496.4,3.0,1,6156.75,6099.75,0.9902
aXiomFkk6VzXaBhPuhMqTLZZguCFzzbyP9LTtZ7ZHLQ,1,2,1,-0.0,15,0.0,0.0,0.5715190920583629,28,0,15,0.9333333333333333,0.0031034530831958403,496.4,3.0,1,6156.75,6099.75,0.9902
ana2y2YvQ3ZPMwm6qhnN3nJoUSiT3qx5Pvetkq9xcfY,1,2,1,-0.0,15,0.0,0.0,0.5846846399456275,28,0,15,0.9333333333333333,0.0031034530831958403,496.4,3.0,1,6156.75,6099.75,0.9902
anzaeL7Lsv71HW2mew8YcKGyGqL6qNn3xoNPRrejM73,1,2,1,-0.0,15,0.0,0.0,0.5715190920583629,28,0,15,0.9333333333333333,0.0031034530831958403,496.4,3.0,1,6156.75,6099.75,0.9902
axy3tCRL3wmFMVG4c69rYurcf4fXhBo2RcuBj9ADnJ4,1,2,1,-0.0,14,0.0,0.0,0.5631653484489122,26,0,15,0.9333333333333333,0.0031034530831958403,496.4,2.8,1,6156.75,6099.75,0.9902
b1ueZK9bWTywN2587zsScyLTaH18wfRfN5W15XnkiqF,1,2,1,-0.0,13,0.0,0.0,0.5650240592355926,26,0,15,0.9333333333333333,0.0031034530831958403,496.4,2.6,1,6156.75,6099.75,0.9902
bay3wXfJsu9ds1zQBoQQ4DUwFGs3NP6q4gca9WM5G1z,1,2,1,-0.0,15,0.0,0.0,0.5715190920583629,28,0,15,0.9333333333333333,0.0031034530831958403,496.4,3.0,1,6156.75,6099.75,0.9902
bkpk9KVsDRfrArzzmkJ9mPEvbXfQxczzQYR3QMGiR8Z,1,2,1,-0.0,13,0.0,0.0,0.5571760951737792,28,0,15,0.9333333333333333,0.0031034530831958403,496.4,2.6,1,6156.75,6099.75,0.9902
bonkcbAQvHpYWxEG63E8ufTB1cxkkk9eAKaPdGePE88,1,2,1,-0.0,15,0.0,0.0,0.5715190920583629,28,0,15,0.9333333333333333,0.0031034530831958403,496.4,3.0,1,6156.75,6099.75,0.9902
bookoVmqw4QjVj5BbkFacouadx9M7816wyRkfM7A5Lo,7,14,1,-0.0,15,0.0,14.0,0.5803237759338079,182,0,105,0.9333333333333333,0.0031034530831958403,496.4,3.0,1,6156.75,6099.75,0.9902
burncPhAzPbo9QCzN9j8ig2FKZjwDhM5zgN2eW3GmWa,1,2,1,-0.0,14,0.0,0.0,0.5631653484489122,28,0,15,0.9333333333333333,0.0031034530831958403,496.4,2.8,1,6156.75,6099.75,0.9902
chdvWr6T14nqGRFD37KY36dsvhkCtDaufW5rpu3AfHe,1,2,1,-0.0,15,0.0,0.0,0.5715190920583629,28,0,15,0.9333333333333333,0.0031034530831958403,496.4,3.0,1,6156.75,6099.75,0.9902
chopskqnudaeCTENWzUjfFCBSLcxprqbdMoCAucAwfb,1,2,1,-0.0,15,0.0,0.0,0.5859058158345607,28,0,15,0.9333333333333333,0.0031034530831958403,496.4,3.0,1,6156.75,6099.75,0.9902
ciTyjzN9iyobidMycjyqRRM7vXAHXkFzH3m8vEr6cQj,1,2,1,-0.0,15,0.0,0.0,0.5715190920583629,30,0,16,0.9333333333333333,0.0031034530831958403,496.4,3.0,1,6156.75,6099.75,0.9902
dst2u7mXMyDvb14cSErRNA1mxH1d5VXbSXgZ3DKE9xH,1,2,1,-0.0,14,0.0,0.0,0.5665543385607003,28,0,15,0.9333333333333333,0.0031034530831958403,496.4,2.8,1,6156.75,6099.75,0.9902
dxa6QFqLcByyHykLCAW5tv1VYNVQFV3v6oovM2h8inH,3,6,1,-0.0,15,0.0,12.0,0.5803237759338079,84,0,47,0.9333333333333333,0.0031034530831958403,496.4,3.0,1,6156.75,6099.75,0.9902
dzBhD4wikyy7xqwiJvT49gdrKqWVjfs9M6cTssmRX8Y,1,2,1,-0.0,13,0.0,0.0,0.5571760951737792,28,0,15,0.9333333333333333,0.0031034530831958403,496.4,2.6,1,6156.75,6099.75,0.9902
eyeYaqg9e2L6xw7YwsSLm27eWJfhLNAm6ETQm8TXNoK,5,10,1,-0.0,16,0.0,14.0,0.587083008849862,140,0,76,0.9333333333333333,0.0031034530831958403,496.4,3.2,1,6156.75,6099.75,0.9902
fdzip81euDS8jEZHx5H1mn27zGVMLzkgpQuzYRBfBYG,1,2,1,-0.0,15,0.0,0.0,0.5715190920583629,28,0,15,0.9333333333333333,0.0031034530831958403,496.4,3.0,1,6156.75,6099.75,0.9902
fhsM2sxME8cHrrk3qvtMsRRDv5AoLFja7NjNnHeYZxe,1,2,1,-0.0,14,0.0,0.0,0.5631653484489122,28,0,15,0.9333333333333333,0.0031034530831958403,496.4,2.8,1,6156.75,6099.75,0.9902
fotby1ABxpei2EVH9uXJ6KbHYgPjbg4Sny9eRzQjtRN,1,2,1,-0.0,14,0.0,0.0,0.5785796953519811,30,0,16,0.9333333333333333,0.0031034530831958403,496.4,2.8,1,6156.75,6099.75,0.9902
gVALrRd3xq4D62KJNGDCpMMGz976w2x1Vo79mSNn4bh,2,4,1,-0.0,14,0.0,2.0,0.5631653484489122,52,0,30,0.9333333333333333,0.0031034530831958403,496.4,2.8,1,6156.75,6099.75,0.9902
gangtCrQg5RmKf5yxvhvZThPugPX58pDSdQ5UuS26vN,1,2,1,-0.0,15,0.0,0.0,0.5715190920583629,28,0,15,0.9333333333333333,0.0031034530831958403,496.4,3.0,1,6156.75,6099.75,0.9902
grptonHnt7YSmJokGK9TJJTBXDT8ca4LSWMHCCfzzPa,1,2,1,-0.0,15,0.0,0.0,0.5715190920583629,28,0,15,0.9333333333333333,0.0031034530831958403,496.4,3.0,1,6156.75,6099.75,0.9902
h3ZXAE168mNxsszYYrUfkMVSCWx6DU2Uvrx97Kb1Nch,1,2,1,-0.0,14,0.0,0.0,0.5665543385607003,28,0,15,0.9333333333333333,0.0031034530831958403,496.4,2.8,1,6156.75,6099.75,0.9902
hnhCMmnrmod4rcyc3QRKkLEC9XnPTvYJ2gBvjgFiV4o,1,2,1,-0.0,14,0.0,0.0,0.5631653484489122,28,0,15,0.9333333333333333,0.0031034530831958403,496.4,2.8,1,6156.75,6099.75,0.9902
huinBRP3muBuqZLMW8ARjdn4mBnEmFFcxiBzrkQz553,1,2,1,-0.0,15,0.0,0.0,0.5715190920583629,28,0,15,0.9333333333333333,0.0031034530831958403,496.4,3.0,1,6156.75,6099.75,0.9902
hy1oMaD3ViyJ8i6w1xjP79zAWBBaRd1zWdTW8zYXnwu,4,8,1,-0.0,14,0.0,14.0,0.5631653484489122,104,0,61,0.9333333333333333,0.0031034530831958403,496.4,2.8,1,6156.75,6099.75,0.9902
hykfH9jUQqe2yqv3VqVAK5AmMYqrmMWmdwDcbfsm6My,1,2,1,-0.0,14,0.0,0.0,0.5806602827256263,28,0,15,0.9333333333333333,0.0031034530831958403,496.4,2.8,1,6156.75,6099.75,0.9902
hyp3Eo67t6FgeuWg5Qxbeme8NPXJPXXdKT4iJ4DsLf2,1,2,1,-0.0,14,0.0,0.0,0.5631653484489122,28,0,15,0.9333333333333333,0.0031034530831958403,496.4,2.8,1,6156.75,6099.75,0.9902
icex1C6pnZxznQWiHZZANjGU8nZ8kNquFnjyY7XXrXE,2,4,1,-0.0,14,0.0,3.0,0.5631653484489122,54,0,31,0.9333333333333333,0.0031034530831958403,496.4,2.8,1,6156.75,6099.75,0.9902
idCE5k2BtTpwXdwAC7Var1enT9reut9fWECcxQP7LY7,1,2,1,-0.0,13,0.0,0.0,0.5650240592355926,26,0,15,0.9333333333333333,0.0031034530831958403,496.4,2.6,1,6156.75,6099.75,0.9902
juigBT2qetpYpf1iwgjaiWTjryKkY3uUTVAnRFKkqY6,8,16,1,-0.0,16,0.0,14.0,0.587083008849862,228,0,123,0.9333333333333333,0.0031034530831958403,496.4,3.2,1,6156.75,6099.75,0.9902
kyzzzgRymGpePUsLyr48kQHt53kh5CSfRH1qfvz1xgj,2,4,1,-0.0,15,0.0,1.0,0.5715190920583629,56,0,30,0.9333333333333333,0.0031034530831958403,496.4,3.0,1,6156.75,6099.75,0.9902
mALL2W6DUgDDtcyurC9v5YTF2CMMeuRwPBkf6tEoG3y,1,2,1,-0.0,14,0.0,0.0,0.5631653484489122,26,0,15,0.9333333333333333,0.0031034530831958403,496.4,2.8,1,6156.75,6099.75,0.9902
mD1afZhSisoXfJLT8nYwSFANqjr1KPoDUEpYTEfFX1e,1,2,1,-0.0,15,0.0,0.0,0.5715190920583629,28,0,15,0.9333333333333333,0.0031034530831958403,496.4,3.0,1,6156.75,6099.75,0.9902
mds1WWedpezW3qvgML4WgP341jZksYAy5SbMLwjP5KC,1,2,1,-0.0,15,0.0,0.0,0.5715190920583629,28,0,15,0.9333333333333333,0.0031034530831958403,496.4,3.0,1,6156.75,6099.75,0.9902
mds2fZEpJP688PqJHvfLxGyf2VFrcNkvjuUxNYCwjrq,1,2,1,-0.0,14,0.0,0.0,0.5785796953519811,26,0,15,0.9333333333333333,0.0031034530831958403,496.4,2.8,1,6156.75,6099.75,0.9902
meshRrDTME9cL2FSQ9E56EncfkZ7vL8apwcCFsw3o6Y,1,2,1,-0.0,14,0.0,0.0,0.5631653484489122,26,0,15,0.9333333333333333,0.0031034530831958403,496.4,2.8,1,6156.75,6099.75,0.9902
mint13XHZSSxtgHuTSM9qPDEJSbWktpmpM4CZxeLB8f,1,2,1,-0.0,15,0.0,0.0,0.5715190920583629,28,0,15,0.9333333333333333,0.0031034530831958403,496.4,3.0,1,6156.75,6099.75,0.9902
mrgn28BhocwdAUEenen3Sw2MR9cPKDpLkDvzDdR7DBD,2,4,1,-0.0,15,0.0,1.0,0.5715190920583629,56,0,30,0.9333333333333333,0.0031034530831958403,496.4,3.0,1,6156.75,6099.75,0.9902
nSGZ3tv2UhskkPqiB666yDVj7PTi9qKgDqvjHyw5JgM,2,4,1,-0.0,15,0.0,1.0,0.5715190920583629,56,0,30,0.9333333333333333,0.0031034530831958403,496.4,3.0,1,6156.75,6099.75,0.9902
nebu15XQKGpxzhhckADBX9PgvGN5qk9RRJCFLKc118w,1,2,1,-0.0,14,0.0,0.0,0.5665543385607003,28,0,15,0.9333333333333333,0.0031034530831958403,496.4,2.8,1,6156.75,6099.75,0.9902
noMiSMNpN3iGeX3WdF5M2KQdFUQt2RYYpfJ4dN1Ni3k,1,2,1,-0.0,11,0.0,0.0,0.6304388656794224,26,0,13,0.9333333333333333,0.0031034530831958403,496.4,2.75,1,6156.75,6099.75,0.9902
novaeuhY2JH2WHhc9KVTHDx2cyJZdXJC6faf4CtARZn,2,4,1,-0.0,14,0.0,3.0,0.5832753236275038,52,0,31,0.9333333333333333,0.0031034530831958403,496.4,2.8,1,6156.75,6099.75,0.9902
nymsHergYedT9CJMgtGMvqXUTGcbs5o3MiWTJUbqTGY,1,2,1,-0.0,15,0.0,0.0,0.5715190920583629,28,0,15,0.9333333333333333,0.0031034530831958403,496.4,3.0,1,6156.75,6099.75,0.9902
odcvDWH5wHVKz9XtmGGxTj5ZsmawTjCCty3nyBKDGzS,1,2,1,-0.0,14,0.0,0.0,0.5832753236275038,26,0,15,0.9333333333333333,0.0031034530831958403,496.4,2.8,1,6156.75,6099.75,0.9902
orbit1bWKxnECKLqjhm5rybTiEC2GEYbecyebgEfM5q,1,2,1,-0.0,14,0.0,0.0,0.5785796953519811,28,0,15,0.9333333333333333,0.0031034530831958403,496.4,2.8,1,6156.75,6099.75,0.9902
p1ayS5DGgrM7m1VU4zcppoTWPbcFGhrBYTh7Wm6ApAC,1,2,1,-0.0,14,0.0,0.0,0.5785796953519811,28,0,15,0.9333333333333333,0.0031034530831958403,496.4,2.8,1,6156.75,6099.75,0.9902
parafiUS6h6oLhCFwhjvEmQJKw8pF1iXsxMJdTq46dS,1,2,1,-0.0,14,0.0,0.0,0.5631653484489122,26,0,15,0.9333333333333333,0.0031034530831958403,496.4,2.8,1,6156.75,6099.75,0.9902
parayLyZvwnGjDT2pGqrVn8UDxmNcdNQCE8uPRWMeRz,1,2,1,-0.0,13,0.0,0.0,0.5571760951737792,28,0,15,0.9333333333333333,0.0031034530831958403,496.4,2.6,1,6156.75,6099.75,0.9902
peNgUgnzs1jGogUPW8SThXMvzNpzKSNf3om78xVPAYx,1,2,1,-0.0,15,0.0,0.0,0.5715190920583629,30,0,16,0.9333333333333333,0.0031034530831958403,496.4,3.0,1,6156.75,6099.75,0.9902
phz15zDzU3MiCCNJtFipjpLt98sqzbc2Tgcn76JKFHK,2,3,2,0.37123232664087563,14,0.0,0.0,0.5631653484489122,28,0,16,0.9333333333333333,0.0031034530831958403,496.4,2.8,1,6156.75,6099.75,0.9902
ping6gwBZx1ccMMFyLgkVSupUmujYrFidEXuNRPq989,1,1,1,-0.0,5,0.0,0.0,0.5979323139156729,10,0,5,0.9333333333333333,0.0031034530831958403,496.4,1.6666666666666667,478,6156.75,6099.75,0.9902
pitch9cMruwjDtAnisNS4mwZUPhMsBztNEGu2weMg55,1,2,1,-0.0,14,0.0,0.0,0.5631653484489122,28,0,15,0.9333333333333333,0.0031034530831958403,496.4,2.8,1,6156.75,6099.75,0.9902
popscoyTKVksa4TyTXw488b3vvFxM7qQEyTBeMQopKu,1,2,1,-0.0,15,0.0,0.0,0.5715190920583629,28,0,15,0.9333333333333333,0.0031034530831958403,496.4,3.0,1,6156.75,6099.75,0.9902
privaEdSEmnMPGPoQACUkcDGkFBbTArVvsEGd7C5wUM,1,2,1,-0.0,15,0.0,0.0,0.5846846399456275,28,0,15,0.9333333333333333,0.0031034530831958403,496.4,3.0,1,6156.75,6099.75,0.9902
prt1st4RSxAt32ams4zsXCe1kavzmKeoR7eh1sdYRXW,1,2,1,-0.0,14,0.0,0.0,0.5631653484489122,26,0,15,0.9333333333333333,0.0031034530831958403,496.4,2.8,1,6156.75,6099.75,0.9902
puffinQSvKFriPbyE5atyx1ptfnyytovbzxybr1jsyy,1,2,1,-0.0,15,0.0,0.0,0.5715190920583629,28,0,15,0.9333333333333333,0.0031034530831958403,496.4,3.0,1,6156.75,6099.75,0.9902
q9XWcZ7T1wP4bW9SB4XgNNwjnFEJ982nE8aVbbNuwot,2,4,1,-0.0,16,0.0,0.0,0.587083008849862,56,0,30,0.9333333333333333,0.0031034530831958403,496.4,3.2,1,6156.75,6099.75,0.9902
radM7PKUpZwJ9bYPAJ7V8FXHeUmH1zim6iaXUKkftP9,1,2,1,-0.0,14,0.0,0.0,0.5832753236275038,26,0,15,0.9333333333333333,0.0031034530831958403,496.4,2.8,1,6156.75,6099.75,0.9902
rapXHroUoGG3KvZ3qwjvGMdA7siWXwXpiNC1bYarvSC,1,2,1,-0.0,13,0.0,0.0,0.5723671119667766,28,0,15,0.9333333333333333,0.0031034530831958403,496.4,2.6,1,6156.75,6099.75,0.9902
revtecFsGSRCdF29atQvchSXrjwBesA9vSisD4fyH5K,1,2,1,-0.0,15,0.0,0.0,0.5715190920583629,28,0,15,0.9333333333333333,0.0031034530831958403,496.4,3.0,1,6156.75,6099.75,0.9902
rssaJ2iKcE9QWsFYRZr8Q66TQh5bRk9DxYrzxGMzWQr,1,2,1,-0.0,14,0.0,0.0,0.5631653484489122,28,0,15,0.9333333333333333,0.0031034530831958403,496.4,2.8,1,6156.75,6099.75,0.9902
sTEAKPk59EtPPbixCweyv6oRLNCDEE8pnnef6gUfbiW,1,2,1,-0.0,15,0.0,0.0,0.5715190920583629,28,0,15,0.9333333333333333,0.0031034530831958403,496.4,3.0,1,6156.75,6099.75,0.9902
sTEVErNNwF2qPnV6DuNPkWpEyCt4UU6k2Y3Hyn7WUFu,1,2,1,-0.0,15,0.0,0.0,0.5715190920583629,28,0,15,0.9333333333333333,0.0031034530831958403,496.4,3.0,1,6156.75,6099.75,0.9902
sTepQGoReJq2tBKStL19DT6nnGHcGiAvFjyYaokLyuM,2,4,1,-0.0,14,0.0,1.0,0.5631653484489122,56,0,30,0.9333333333333333,0.0031034530831958403,496.4,2.8,1,6156.75,6099.75,0.9902
sZAqxCSN5kkVfG2s65Bje4jzCkD2aLyk21qU95PMf2Y,1,2,1,-0.0,14,0.0,0.0,0.5631653484489122,26,0,15,0.9333333333333333,0.0031034530831958403,496.4,2.8,1,6156.75,6099.75,0.9902
sbidYi7fbif6qNsMpwBKvyF5DKcLCbjaegpADsKqNux,3,6,1,-0.0,14,0.0,13.0,0.5631653484489122,78,0,45,0.9333333333333333,0.0031034530831958403,496.4,2.8,1,6156.75,6099.75,0.9902
scb1Z7du8NVSaHFXsafSjRdXr6xBjWR3iugikL739Y1,1,2,1,-0.0,13,0.0,0.0,0.5989442118010782,26,0,14,0.9333333333333333,0.0031034530831958403,496.4,2.6,1,6156.75,6099.75,0.9902
scb2TYPmwHgKxXJaJNq6gHKwYkVyLKx58hz9RbCKZZR,1,2,1,-0.0,13,0.0,0.0,0.5825916596689568,26,0,15,0.9333333333333333,0.0031034530831958403,496.4,2.6,1,6156.75,6099.75,0.9902
sce1oTWYVXv7a7Hy2skxREozs5nwkQ4wDT8XJSi5tgE,1,2,1,-0.0,14,0.0,0.0,0.5631653484489122,28,0,15,0.9333333333333333,0.0031034530831958403,496.4,2.8,1,6156.75,6099.75,0.9902
scs1NCSTafrUX6RBx113B9YDCepo1QdEzU8WwEkf25i,3,6,1,-0.0,15,0.0,12.0,0.5803237759338079,78,0,45,0.9333333333333333,0.0031034530831958403,496.4,3.0,1,6156.75,6099.75,0.9902
sfvTq7ojrEc5WdXcHijz676eX1pc5MgoLxbkYSdRDAB,1,2,1,-0.0,10,0.0,1.0,0.5529837361187541,20,0,12,0.9333333333333333,0.0031034530831958403,496.4,2.0,1,6156.75,6099.75,0.9902
soLStaCk5TiGCpeLKa9Fvv6f5JQGMa6S3uhLh826e9N,1,2,1,-0.0,15,0.0,0.0,0.5715190920583629,28,0,15,0.9333333333333333,0.0031034530831958403,496.4,3.0,1,6156.75,6099.75,0.9902
spur5CDwBvTZszvy1ozGjRc1x2TuDWo3VF4jrq7zgvD,2,4,1,-0.0,15,0.0,0.0,0.5715190920583629,56,0,30,0.9333333333333333,0.0031034530831958403,496.4,3.0,1,6156.75,6099.75,0.9902
stacheBmGG5zMKuetUevAbc4m4dLbve1VPcpSur3voH,1,2,1,-0.0,14,0.0,0.0,0.605438722485722,26,0,14,0.9333333333333333,0.0031034530831958403,496.4,2.8,1,6156.75,6099.75,0.9902
uxqVAFQfox97HazsPtkKiwhypQH6jEGXkQBHDtXshrk,3,6,1,-0.0,15,0.0,14.0,0.5715190920583629,90,0,48,0.9333333333333333,0.0031034530831958403,496.4,3.0,1,6156.75,6099.75,0.9902
vahMVcSS3v6uwyFormV7FDAUbQSHwmy6vUedp1P7L42,1,2,1,-0.0,15,0.0,0.0,0.5846846399456275,28,0,15,0.9333333333333333,0.0031034530831958403,496.4,3.0,1,6156.75,6099.75,0.9902
vaoJKVZYPAsqc52T2nNQhABR1gU6Cy2koDKfCQaEiva,1,2,1,-0.0,15,0.0,0.0,0.5715190920583629,28,0,15,0.9333333333333333,0.0031034530831958403,496.4,3.0,1,6156.75,6099.75,0.9902
vnd1Ps8w3fsi54qUMJxBhUWARES34Qw7JQXDZxvbysd,1,2,1,-0.0,14,0.0,0.0,0.5631653484489122,26,0,15,0.9333333333333333,0.0031034530831958403,496.4,2.8,1,6156.75,6099.75,0.9902
wetkjRRRDrSPAzHqfVHtFDbhNnejKm5UPfkHeccFCpo,1,2,1,-0.0,14,0.0,0.0,0.5832753236275038,26,0,15,0.9333333333333333,0.0031034530831958403,496.4,2.8,1,6156.75,6099.75,0.9902
wifwUaAXgGXixi757cinR8RhAzNuuyKg8hh7mkCDPEc,1,2,1,-0.0,15,0.0,0.0,0.5715190920583629,28,0,15,0.9333333333333333,0.0031034530831958403,496.4,3.0,1,6156.75,6099.75,0.9902
yJeahQNRHNWtL9Z1SqPX3SBwTYXr5ECMYYVK4uYVwxt,1,2,1,-0.0,14,0.0,0.0,0.5631653484489122,28,0,15,0.9333333333333333,0.0031034530831958403,496.4,2.8,1,6156.75,6099.75,0.9902
